loan_id,payment_amount,payment_date,missed
10243,2369,2002-05-31,1
10243,2439,2002-06-18,1
10243,2662,2002-06-29,0
10243,2268,2002-07-20,0
10243,2027,2002-07-31,1
10243,2243,2002-09-16,1
10984,1466,2003-12-29,0
10984,1887,2004-02-01,1
10984,1360,2004-03-09,1
10984,1350,2004-03-29,0
10984,1728,2004-05-03,1
10990,1981,2006-04-05,0
10990,2284,2006-04-27,1
10990,1304,2006-05-12,0
10990,2253,2006-06-05,1
10990,2453,2006-07-17,0
10990,1903,2006-07-30,0
10596,1612,2011-01-25,0
10596,1499,2011-03-09,1
10596,1414,2011-04-10,1
10596,1252,2011-04-25,1
10596,1904,2011-06-05,1
11415,2565,2010-09-19,0
11415,1525,2010-10-15,1
11415,1897,2010-11-14,1
11415,1813,2010-12-24,0
11415,1787,2011-01-22,0
11415,1799,2011-02-23,0
11415,2022,2011-03-09,1
11415,2644,2011-04-22,1
11501,828,2006-11-22,1
11501,1251,2006-12-12,0
11501,1107,2006-12-30,1
11501,1380,2007-01-15,0
11501,783,2007-02-27,0
11501,1094,2007-04-04,1
11501,738,2007-04-16,0
11501,928,2007-05-05,0
11501,887,2007-06-20,1
11141,1146,2007-05-18,1
11141,819,2007-06-12,0
11141,1215,2007-07-18,1
11141,752,2007-08-09,1
11141,927,2007-08-22,1
11141,1220,2007-09-20,0
11141,810,2007-10-14,0
11141,754,2007-10-27,0
11658,2492,2006-07-15,1
11658,1294,2006-08-18,0
11658,2002,2006-09-28,1
11658,2453,2006-10-08,0
11658,2110,2006-10-20,0
11611,1591,2012-11-30,1
11611,1897,2012-12-10,1
11611,2066,2013-01-27,0
11611,1569,2013-02-15,1
11611,1947,2013-03-24,0
10828,568,2004-02-21,1
10828,652,2004-03-11,1
10828,691,2004-03-29,0
10828,771,2004-04-21,1
10828,740,2004-06-08,1
11661,274,2006-11-14,0
11661,295,2006-12-13,0
11661,181,2006-12-29,1
11661,304,2007-01-21,0
11661,185,2007-03-05,1
11661,298,2007-04-02,1
11661,218,2007-05-13,1
11661,288,2007-06-07,0
11661,302,2007-07-19,1
11259,1261,2011-12-24,0
11259,1498,2012-01-29,0
11259,1454,2012-03-14,1
11259,1645,2012-04-06,0
11259,1666,2012-05-06,0
11259,1635,2012-05-16,0
11259,880,2012-07-02,1
11259,1416,2012-08-09,0
11259,1257,2012-08-21,0
10856,1102,2005-07-31,0
10856,1464,2005-08-17,1
10856,1739,2005-09-22,0
10856,922,2005-10-17,0
10856,1629,2005-12-03,0
10856,917,2006-01-16,1
10856,1716,2006-02-01,0
10856,1147,2006-03-20,1
11867,695,2005-12-05,1
11867,564,2006-01-02,1
11867,394,2006-02-07,1
11867,617,2006-02-22,1
11867,692,2006-03-14,1
11867,665,2006-03-27,0
11867,416,2006-05-14,0
11961,1623,2014-01-30,1
11961,1883,2014-02-09,1
11961,1510,2014-02-23,1
11961,1983,2014-03-13,1
11961,1780,2014-04-12,0
11961,1495,2014-05-05,1
11961,1570,2014-05-28,0
11961,1827,2014-06-12,0
10328,895,2001-11-24,0
10328,1272,2001-12-18,1
10328,863,2002-01-23,1
10328,1236,2002-02-22,0
10328,858,2002-03-08,0
10328,939,2002-03-27,0
10328,922,2002-04-25,0
10328,1156,2002-05-29,0
11307,1562,2013-07-31,0
11307,1694,2013-09-04,0
11307,1574,2013-10-04,1
11307,1955,2013-10-15,1
11307,2207,2013-11-25,0
11307,1424,2014-01-13,0
11307,2199,2014-02-20,0
10422,1901,2004-06-09,1
10422,1793,2004-07-09,0
10422,1181,2004-08-05,1
10422,1110,2004-08-28,0
10422,2009,2004-09-27,0
10422,1122,2004-11-07,1
11424,1289,2001-05-23,0
11424,1289,2001-07-06,0
11424,1322,2001-08-08,0
11424,2038,2001-09-14,1
11424,1493,2001-10-14,1
11424,1544,2001-11-16,0
11424,2321,2001-12-01,0
10599,90,2008-03-31,1
10599,58,2008-05-12,0
10599,94,2008-05-24,1
10599,84,2008-06-09,1
10599,61,2008-06-24,0
11345,2227,2010-02-05,1
11345,1493,2010-03-16,1
11345,1657,2010-04-14,0
11345,1681,2010-05-21,1
11345,1480,2010-07-02,1
11033,534,2011-07-09,0
11033,553,2011-07-19,1
11033,471,2011-08-05,0
11033,416,2011-09-20,1
11033,685,2011-10-22,1
11033,508,2011-11-07,0
11033,409,2011-11-28,1
11054,1589,2007-01-10,1
11054,1579,2007-01-22,0
11054,1212,2007-02-17,1
11054,1028,2007-03-10,1
11054,859,2007-04-16,1
11054,1104,2007-05-19,1
11054,1651,2007-07-07,1
11054,1480,2007-07-18,0
11030,1257,2001-06-21,1
11030,1585,2001-08-09,0
11030,1901,2001-09-08,1
11030,2314,2001-10-14,1
11030,2097,2001-10-26,0
11030,1323,2001-12-14,1
11030,1770,2002-01-19,1
11030,1712,2002-02-05,1
10709,1694,2008-12-23,0
10709,1923,2009-02-05,1
10709,1197,2009-03-26,0
10709,2074,2009-04-29,0
10709,1255,2009-05-22,0
10709,1638,2009-07-02,1
10709,1783,2009-07-21,0
10709,1298,2009-08-26,0
11247,1969,2011-09-24,0
11247,2378,2011-10-09,0
11247,2264,2011-10-23,1
11247,1553,2011-11-12,0
11247,2273,2011-12-10,0
11247,2868,2012-01-24,1
11247,2005,2012-02-26,1
10939,581,2008-12-15,0
10939,559,2009-01-21,0
10939,413,2009-01-31,0
10939,807,2009-02-28,0
10939,704,2009-04-01,1
10939,571,2009-05-01,1
10939,798,2009-05-15,1
10939,690,2009-06-01,1
10192,829,2013-04-01,1
10192,792,2013-04-29,1
10192,860,2013-05-25,1
10192,536,2013-06-28,1
10192,777,2013-08-06,0
10192,571,2013-08-23,1
11866,1446,2002-03-19,1
11866,1602,2002-04-13,1
11866,1586,2002-05-07,0
11866,990,2002-05-24,0
11866,1282,2002-06-28,0
11043,2562,2002-08-08,1
11043,1691,2002-08-28,1
11043,2854,2002-10-04,0
11043,2176,2002-11-13,1
11043,1871,2002-12-22,1
11043,1601,2003-01-11,1
11043,2505,2003-02-18,1
10691,2281,2001-12-31,0
10691,1440,2002-02-01,0
10691,1918,2002-03-09,1
10691,2509,2002-04-08,1
10691,1556,2002-05-04,1
10691,2526,2002-06-06,0
11514,1348,2014-05-16,1
11514,970,2014-05-26,1
11514,1330,2014-06-13,1
11514,1154,2014-07-03,1
11514,1077,2014-07-17,0
11514,1063,2014-09-03,1
11514,1194,2014-10-05,0
11514,1148,2014-11-04,1
11514,894,2014-11-29,0
11403,1765,2001-09-08,1
11403,1121,2001-10-10,0
11403,1231,2001-11-03,1
11403,1817,2001-12-13,0
11403,1215,2002-01-08,0
11403,971,2002-02-04,1
11403,1169,2002-03-22,1
10864,1227,2001-11-16,1
10864,1355,2001-12-21,0
10864,2030,2002-01-28,0
10864,1583,2002-02-12,0
10864,1629,2002-03-24,1
10864,2004,2002-04-19,1
10864,1787,2002-05-07,0
10864,1344,2002-05-23,0
11573,2145,2005-12-21,1
11573,1168,2006-01-01,1
11573,1981,2006-01-17,0
11573,1310,2006-02-23,1
11573,1542,2006-03-17,1
11573,1677,2006-04-13,1
11573,1480,2006-05-23,0
11234,1251,2001-11-22,0
11234,2037,2001-12-24,0
11234,2193,2002-01-31,1
11234,1947,2002-02-17,1
11234,2069,2002-03-05,1
11234,1811,2002-04-09,0
11234,1481,2002-05-10,0
11215,2106,2013-06-25,1
11215,2321,2013-07-27,0
11215,2326,2013-08-28,0
11215,2531,2013-09-16,1
11215,2575,2013-10-28,0
11215,1980,2013-12-15,1
10425,1509,2001-11-12,1
10425,2011,2001-12-23,1
10425,1577,2002-01-31,0
10425,1448,2002-03-16,1
10425,1493,2002-04-23,1
11914,2527,2011-10-23,1
11914,2620,2011-11-17,1
11914,2873,2011-12-06,0
11914,2491,2012-01-05,1
11914,2849,2012-01-26,1
10816,1536,2000-04-18,0
10816,1571,2000-05-25,0
10816,1317,2000-07-07,0
10816,1586,2000-07-27,1
10816,853,2000-08-06,1
10816,1531,2000-09-03,1
11861,517,2005-09-05,0
11861,642,2005-10-14,0
11861,600,2005-11-22,1
11861,575,2005-12-19,1
11861,444,2006-01-14,1
11861,736,2006-02-15,1
11861,546,2006-03-16,1
11861,670,2006-04-09,1
10302,540,2006-01-04,1
10302,580,2006-01-25,1
10302,474,2006-02-11,1
10302,576,2006-03-02,0
10302,522,2006-03-16,1
10302,355,2006-04-30,0
10302,489,2006-06-17,1
10302,571,2006-07-28,1
10302,529,2006-09-03,0
10313,534,2012-11-19,1
10313,352,2012-12-15,1
10313,396,2012-12-27,1
10313,652,2013-02-04,1
10313,402,2013-03-07,0
10313,645,2013-03-27,1
10840,564,2009-03-12,0
10840,763,2009-03-22,0
10840,643,2009-04-18,0
10840,637,2009-05-09,0
10840,560,2009-05-23,0
10840,691,2009-06-11,0
10840,676,2009-07-23,1
10840,745,2009-08-08,1
10888,2212,2003-12-13,0
10888,1699,2004-01-24,1
10888,1695,2004-03-06,0
10888,2151,2004-04-06,1
10888,2024,2004-05-25,0
10888,2719,2004-06-10,0
10888,2210,2004-07-27,0
10888,1473,2004-09-04,0
11461,1760,2010-01-04,1
11461,2374,2010-01-30,0
11461,2477,2010-03-12,0
11461,2264,2010-04-17,0
11461,1536,2010-05-19,1
11461,2267,2010-06-28,1
11461,2324,2010-07-17,0
11022,1750,2014-03-13,1
11022,1615,2014-04-28,0
11022,1998,2014-06-16,0
11022,1870,2014-08-04,0
11022,1098,2014-08-22,0
11277,1422,2012-01-09,0
11277,1159,2012-02-14,0
11277,1176,2012-02-28,0
11277,1024,2012-04-05,1
11277,1068,2012-05-10,1
11277,1309,2012-06-09,0
11277,1554,2012-06-23,1
11328,2213,2005-08-10,0
11328,2120,2005-09-13,0
11328,1927,2005-10-13,0
11328,2223,2005-10-31,1
11328,2000,2005-12-08,0
10251,754,2005-11-09,0
10251,752,2005-11-27,0
10251,979,2006-01-02,0
10251,576,2006-01-18,1
10251,962,2006-02-11,1
10251,862,2006-03-13,1
11487,1198,2006-04-03,0
11487,1121,2006-04-17,1
11487,1167,2006-05-20,0
11487,1228,2006-06-13,0
11487,996,2006-07-28,0
10511,522,2002-08-07,0
10511,670,2002-09-22,0
10511,493,2002-11-05,1
10511,495,2002-11-15,1
10511,664,2002-12-11,1
10567,1285,2008-08-07,1
10567,980,2008-08-21,1
10567,1191,2008-10-07,0
10567,1313,2008-10-27,0
10567,1665,2008-11-22,0
10567,1768,2009-01-07,0
10567,1858,2009-02-17,1
10567,1417,2009-03-04,0
11466,1061,2000-08-24,0
11466,1791,2000-09-27,0
11466,1646,2000-11-13,1
11466,1005,2000-11-27,1
11466,1519,2000-12-11,0
11466,1610,2000-12-30,1
10292,116,2000-08-09,0
10292,106,2000-09-24,1
10292,158,2000-10-18,0
10292,142,2000-11-21,0
10292,132,2000-12-01,0
10292,116,2000-12-24,1
10292,136,2001-02-08,0
10292,95,2001-03-27,0
10292,130,2001-05-03,0
10991,1794,2014-11-11,1
10991,2169,2014-12-23,1
10991,1144,2015-01-07,1
10991,2092,2015-02-21,0
10991,2115,2015-03-18,0
11878,2225,2007-01-11,0
11878,1456,2007-02-15,1
11878,2427,2007-03-15,1
11878,1514,2007-04-22,0
11878,1330,2007-05-03,0
11878,2543,2007-05-29,1
11890,2091,2008-12-28,0
11890,1520,2009-01-20,0
11890,1585,2009-02-06,1
11890,1522,2009-02-25,0
11890,2181,2009-03-11,1
10755,1240,2003-11-08,0
10755,2136,2003-12-23,1
10755,2060,2004-02-03,0
10755,1625,2004-03-06,0
10755,1351,2004-04-15,0
11430,108,2009-10-12,1
11430,136,2009-11-23,1
11430,105,2010-01-02,1
11430,128,2010-02-19,0
11430,91,2010-03-05,0
11204,581,2004-01-11,0
11204,322,2004-02-10,0
11204,478,2004-03-12,1
11204,323,2004-04-03,1
11204,429,2004-04-27,1
11204,542,2004-05-14,1
11204,439,2004-06-24,0
10664,1329,2008-04-12,0
10664,1175,2008-05-02,0
10664,1776,2008-05-16,1
10664,1544,2008-06-11,0
10664,947,2008-06-25,0
10664,1415,2008-07-21,1
10664,1417,2008-08-12,1
10664,1035,2008-09-01,0
10664,928,2008-09-21,1
10416,1975,2004-02-14,0
10416,2233,2004-03-15,1
10416,1431,2004-03-25,1
10416,2660,2004-04-21,0
10416,1980,2004-05-15,1
10416,2584,2004-07-03,1
10416,1858,2004-08-15,0
10416,1413,2004-09-11,0
11317,1162,2011-12-24,0
11317,1066,2012-02-02,0
11317,970,2012-03-11,0
11317,731,2012-04-24,0
11317,926,2012-05-22,0
11317,865,2012-06-01,0
11317,1186,2012-06-13,0
10887,392,2014-06-28,0
10887,428,2014-07-14,1
10887,706,2014-08-20,0
10887,598,2014-09-20,1
10887,545,2014-10-14,0
10887,651,2014-12-01,0
10887,440,2015-01-11,0
10887,697,2015-02-02,1
11553,905,2001-01-06,0
11553,1338,2001-01-27,1
11553,813,2001-02-24,0
11553,1078,2001-03-29,0
11553,848,2001-04-28,0
11553,1195,2001-06-07,1
11837,1179,2002-08-07,0
11837,1189,2002-09-01,0
11837,1573,2002-09-29,0
11837,1817,2002-10-13,1
11837,1075,2002-11-01,1
11837,1192,2002-11-28,1
11837,1630,2002-12-30,1
11555,878,2004-04-22,0
11555,829,2004-05-23,1
11555,1100,2004-06-28,0
11555,1329,2004-07-09,0
11555,931,2004-07-20,0
11555,1229,2004-09-06,1
11555,818,2004-10-10,1
11555,846,2004-11-16,0
11026,2306,2013-12-20,0
11026,1791,2014-02-01,1
11026,2229,2014-02-20,1
11026,1991,2014-03-17,1
11026,1941,2014-03-28,1
11026,2552,2014-04-21,0
11026,1733,2014-05-07,0
11026,1590,2014-06-04,1
10379,993,2001-01-01,1
10379,1030,2001-02-05,1
10379,872,2001-02-15,1
10379,1539,2001-03-09,0
10379,1496,2001-04-26,0
11816,1497,2014-05-16,1
11816,1433,2014-05-27,0
11816,2324,2014-06-20,1
11816,2379,2014-07-21,0
11816,1601,2014-08-07,0
11816,1263,2014-09-08,1
11816,1399,2014-10-09,1
11816,1403,2014-10-19,1
10810,1529,2014-05-29,1
10810,1282,2014-06-14,1
10810,1689,2014-07-27,1
10810,1485,2014-08-29,1
10810,1526,2014-09-11,0
10810,1637,2014-09-28,0
10038,432,2000-08-30,0
10038,436,2000-09-26,0
10038,428,2000-11-11,1
10038,460,2000-12-21,0
10038,458,2001-02-01,1
10038,269,2001-02-18,0
11990,1498,2005-12-29,0
11990,1975,2006-01-29,1
11990,1906,2006-03-14,1
11990,1579,2006-04-08,1
11990,2324,2006-05-22,0
11990,1307,2006-07-01,0
11990,2210,2006-07-14,1
11990,2273,2006-08-29,0
10687,1028,2010-12-26,0
10687,971,2011-01-07,0
10687,1203,2011-01-27,1
10687,1066,2011-03-13,0
10687,991,2011-04-22,1
10687,999,2011-05-23,0
10687,663,2011-07-11,1
10687,1149,2011-08-13,0
10670,1456,2005-11-01,0
10670,1219,2005-11-23,0
10670,1459,2006-01-06,0
10670,1358,2006-02-24,0
10670,1508,2006-03-14,0
10670,1452,2006-03-29,0
10670,1585,2006-05-03,1
11112,187,2003-05-11,0
11112,163,2003-05-22,1
11112,224,2003-06-14,0
11112,259,2003-07-07,0
11112,300,2003-08-16,1
11112,171,2003-09-07,0
10237,1069,2013-02-27,0
10237,880,2013-03-10,0
10237,790,2013-03-26,0
10237,1069,2013-04-16,1
10237,788,2013-05-30,0
10237,801,2013-06-23,1
11672,471,2013-05-20,0
11672,383,2013-06-09,1
11672,488,2013-06-21,0
11672,360,2013-07-16,1
11672,420,2013-07-30,0
10893,1182,2002-09-02,0
10893,1705,2002-10-14,0
10893,1492,2002-11-08,1
10893,1123,2002-12-20,0
10893,1314,2003-02-07,0
10893,1598,2003-03-01,0
10893,1495,2003-03-23,0
11987,1347,2011-01-07,0
11987,1962,2011-01-26,0
11987,1249,2011-02-07,0
11987,1324,2011-03-25,1
11987,2385,2011-05-02,1
11987,1714,2011-06-12,1
11987,1433,2011-07-08,0
11987,1562,2011-07-25,1
11987,1870,2011-08-13,0
11649,1960,2006-03-11,1
11649,2237,2006-04-07,1
11649,1995,2006-05-02,1
11649,1818,2006-06-01,0
11649,1365,2006-06-22,1
10009,310,2009-07-20,0
10009,300,2009-08-31,0
10009,386,2009-09-15,1
10009,326,2009-10-01,1
10009,280,2009-10-14,0
10009,394,2009-11-06,0
10363,306,2014-04-11,1
10363,304,2014-05-01,0
10363,278,2014-06-17,1
10363,346,2014-07-12,0
10363,368,2014-08-21,0
10363,240,2014-09-18,1
10363,265,2014-10-23,0
10363,241,2014-11-10,1
11126,1118,2013-03-25,1
11126,1916,2013-05-07,0
11126,1140,2013-05-22,0
11126,1051,2013-06-05,0
11126,1465,2013-06-28,0
11126,1553,2013-08-02,1
11126,1285,2013-09-09,1
10205,938,2010-04-30,1
10205,828,2010-05-13,1
10205,676,2010-06-26,0
10205,927,2010-07-11,1
10205,777,2010-07-21,1
10205,975,2010-08-21,0
10205,924,2010-09-25,1
10438,1647,2009-05-30,1
10438,1946,2009-06-13,1
10438,1204,2009-07-31,0
10438,1330,2009-09-07,0
10438,1978,2009-09-17,1
10438,1711,2009-09-28,0
10104,1002,2010-10-18,1
10104,1633,2010-12-02,1
10104,1539,2010-12-23,0
10104,990,2011-01-26,0
10104,1603,2011-03-13,0
11211,1892,2012-01-03,0
11211,2565,2012-01-25,0
11211,2418,2012-03-02,0
11211,1919,2012-03-26,1
11211,2083,2012-04-27,1
11211,1690,2012-05-07,0
11211,2402,2012-06-18,1
10611,129,2010-09-28,1
10611,157,2010-11-08,0
10611,124,2010-12-08,0
10611,124,2010-12-21,1
10611,179,2011-02-02,0
10611,205,2011-02-27,0
10611,229,2011-03-25,0
10611,232,2011-04-27,0
10660,769,2005-06-23,1
10660,764,2005-07-29,0
10660,646,2005-08-11,1
10660,701,2005-09-22,1
10660,728,2005-11-06,1
10660,596,2005-11-22,1
10660,766,2005-12-09,1
11528,294,2006-03-06,0
11528,328,2006-04-16,0
11528,373,2006-05-09,1
11528,503,2006-06-11,0
11528,321,2006-07-12,0
11790,1441,2004-11-30,1
11790,2042,2004-12-12,1
11790,1286,2004-12-28,1
11790,1450,2005-01-26,1
11790,1338,2005-03-03,1
11790,1836,2005-03-31,1
11505,1590,2004-07-25,0
11505,1467,2004-08-14,1
11505,1539,2004-08-24,1
11505,1506,2004-10-12,1
11505,1769,2004-11-01,1
11505,1119,2004-11-30,0
11505,1545,2004-12-21,1
11505,1106,2005-01-30,0
11884,534,2011-08-11,1
11884,678,2011-09-12,1
11884,891,2011-10-19,0
11884,709,2011-11-22,1
11884,718,2011-12-14,0
11884,574,2011-12-31,1
11884,742,2012-01-27,1
11884,676,2012-02-21,0
10562,1127,2001-02-12,1
10562,2064,2001-03-21,1
10562,1768,2001-04-01,0
10562,1942,2001-04-27,0
10562,1679,2001-05-29,0
10562,1167,2001-07-16,1
10562,1127,2001-08-11,0
10562,1444,2001-09-24,1
10562,1083,2001-10-18,0
11499,1481,2011-12-17,0
11499,2060,2012-01-20,0
11499,1294,2012-02-10,1
11499,1281,2012-03-02,0
11499,2000,2012-03-21,0
11499,2249,2012-04-23,1
11499,2168,2012-05-22,1
11499,1238,2012-07-03,1
11499,1794,2012-08-18,1
10244,853,2007-02-20,0
10244,913,2007-03-23,0
10244,684,2007-04-20,1
10244,742,2007-06-08,1
10244,956,2007-07-03,1
10244,588,2007-07-20,0
10244,720,2007-08-21,1
10244,1075,2007-09-21,0
10958,2388,2003-10-25,1
10958,2704,2003-11-16,1
10958,1375,2003-12-18,0
10958,2550,2004-01-07,1
10958,1717,2004-01-22,1
10958,2226,2004-02-11,0
10958,2126,2004-03-01,1
11942,1075,2011-03-31,0
11942,1243,2011-05-04,1
11942,1250,2011-05-28,1
11942,801,2011-06-24,1
11942,729,2011-07-08,1
11942,1130,2011-07-27,1
11942,874,2011-09-14,1
11942,1101,2011-10-29,0
11390,2246,2014-03-29,1
11390,1564,2014-04-29,0
11390,2191,2014-05-09,1
11390,1580,2014-05-30,1
11390,2504,2014-06-16,1
11390,2526,2014-07-26,0
11390,2327,2014-09-12,0
11390,1652,2014-10-14,0
10966,1218,2014-08-30,0
10966,1243,2014-09-23,1
10966,1197,2014-11-04,0
10966,1239,2014-11-18,1
10966,1277,2014-12-25,1
10966,1036,2015-01-31,1
10966,1011,2015-02-16,0
10966,1784,2015-03-24,0
10966,1072,2015-04-11,1
11411,443,2013-02-03,0
11411,545,2013-03-03,1
11411,589,2013-04-08,1
11411,532,2013-05-15,1
11411,690,2013-06-29,1
11411,641,2013-08-07,1
11411,466,2013-08-22,0
11411,416,2013-09-04,0
11928,1856,2003-10-11,0
11928,1546,2003-11-11,0
11928,1407,2003-12-07,1
11928,1412,2004-01-25,0
11928,1976,2004-03-09,0
11650,2764,2006-09-06,1
11650,1794,2006-09-17,0
11650,1712,2006-11-02,0
11650,2733,2006-11-12,1
11650,2294,2006-12-10,1
11650,2489,2006-12-21,0
11650,2703,2007-01-15,1
10861,2102,2006-06-28,1
10861,2370,2006-07-15,0
10861,1751,2006-08-15,1
10861,1738,2006-09-13,0
10861,1872,2006-10-25,0
10861,1570,2006-12-04,0
10861,1926,2006-12-16,0
11140,402,2000-03-19,0
11140,238,2000-04-21,0
11140,443,2000-05-09,0
11140,262,2000-06-07,0
11140,372,2000-07-10,0
11140,247,2000-08-16,0
11140,241,2000-09-15,0
11140,340,2000-10-17,1
11140,410,2000-11-07,0
10407,820,2011-04-12,0
10407,1258,2011-04-22,0
10407,1247,2011-05-27,1
10407,863,2011-06-23,1
10407,1221,2011-07-12,1
10407,750,2011-08-09,0
11980,310,2005-07-02,1
11980,198,2005-08-06,1
11980,222,2005-08-22,1
11980,255,2005-10-09,0
11980,223,2005-10-22,1
10692,517,2012-09-29,1
10692,301,2012-11-17,0
10692,337,2012-11-29,1
10692,409,2013-01-15,0
10692,409,2013-03-05,1
10692,479,2013-04-23,0
11852,759,2007-02-16,1
11852,882,2007-04-02,1
11852,451,2007-05-10,1
11852,802,2007-06-08,1
11852,682,2007-07-26,0
11852,535,2007-08-09,0
10763,383,2004-09-16,0
10763,663,2004-10-30,0
10763,367,2004-11-23,1
10763,633,2004-12-18,0
10763,527,2005-02-01,1
10509,1479,2007-08-16,1
10509,1163,2007-10-02,0
10509,1232,2007-10-22,1
10509,1584,2007-12-08,1
10509,1392,2008-01-09,1
10509,1173,2008-02-25,0
10770,466,2004-10-06,0
10770,703,2004-11-08,0
10770,766,2004-12-27,0
10770,692,2005-02-02,0
10770,617,2005-03-03,0
10770,531,2005-03-15,0
10770,622,2005-03-26,1
10921,338,2013-01-08,0
10921,343,2013-02-22,1
10921,320,2013-03-10,0
10921,386,2013-04-01,0
10921,302,2013-05-06,1
10921,285,2013-06-19,0
10921,421,2013-07-02,1
10921,479,2013-07-31,0
10921,421,2013-08-14,1
11079,1955,2007-03-10,1
11079,2585,2007-04-24,0
11079,2188,2007-05-27,0
11079,2011,2007-07-02,0
11079,1740,2007-08-18,0
11079,1396,2007-10-06,1
11079,1673,2007-11-06,0
11079,2062,2007-11-25,0
11896,1044,2004-05-15,1
11896,1055,2004-06-02,0
11896,1986,2004-06-22,1
11896,1215,2004-08-05,1
11896,1386,2004-09-22,1
11896,1541,2004-11-09,1
11896,1651,2004-11-19,1
11896,1834,2004-12-19,1
10188,179,2014-02-02,0
10188,141,2014-02-18,0
10188,126,2014-03-27,0
10188,166,2014-05-05,1
10188,161,2014-06-07,0
10188,113,2014-06-30,1
10143,1358,2004-11-05,0
10143,1420,2004-12-02,0
10143,1756,2004-12-28,0
10143,1995,2005-01-19,1
10143,2186,2005-02-28,1
11052,728,2004-09-30,0
11052,1214,2004-11-02,1
11052,1039,2004-12-04,1
11052,1016,2004-12-30,1
11052,766,2005-02-11,0
11052,966,2005-02-23,1
10045,1276,2004-04-28,0
10045,1701,2004-06-09,0
10045,1530,2004-07-08,1
10045,1303,2004-07-24,0
10045,1229,2004-08-06,0
10045,972,2004-08-19,1
11975,423,2009-09-27,1
11975,556,2009-11-09,0
11975,692,2009-12-15,1
11975,515,2010-01-07,0
11975,585,2010-02-14,0
11573,1658,2003-07-09,0
11573,1698,2003-08-05,1
11573,1850,2003-08-25,0
11573,1981,2003-09-27,0
11573,1501,2003-10-20,1
11573,1122,2003-11-15,1
11573,1648,2003-11-26,0
11573,1101,2003-12-21,0
11573,1331,2004-02-07,0
11695,1468,2006-08-20,1
11695,1431,2006-09-16,0
11695,1650,2006-10-15,0
11695,2321,2006-11-15,1
11695,1987,2006-12-28,0
11695,2112,2007-01-14,0
10676,545,2004-02-28,0
10676,670,2004-03-11,1
10676,441,2004-04-11,0
10676,671,2004-05-30,0
10676,580,2004-06-28,0
10676,366,2004-07-15,0
10676,542,2004-08-04,0
10676,578,2004-09-06,0
10676,423,2004-10-15,1
11488,1099,2003-07-28,0
11488,1701,2003-08-14,1
11488,1335,2003-08-26,1
11488,1738,2003-10-07,0
11488,1793,2003-11-16,0
11304,350,2001-12-07,0
11304,381,2001-12-28,0
11304,379,2002-01-11,1
11304,291,2002-02-24,1
11304,318,2002-04-05,1
11304,481,2002-05-12,1
10383,1805,2004-07-09,1
10383,1695,2004-08-07,1
10383,1394,2004-09-01,0
10383,1288,2004-09-15,0
10383,2027,2004-11-02,1
10858,1001,2014-06-19,0
10858,788,2014-07-12,0
10858,819,2014-07-26,0
10858,738,2014-09-10,1
10858,713,2014-09-20,1
10858,603,2014-10-26,1
10858,721,2014-11-16,1
10858,1013,2014-12-06,0
11031,902,2009-05-31,0
11031,863,2009-06-21,1
11031,1005,2009-07-11,0
11031,610,2009-08-09,0
11031,916,2009-08-30,0
11031,872,2009-09-17,0
11031,933,2009-10-19,1
11031,977,2009-11-04,1
11520,1670,2002-05-01,0
11520,1430,2002-06-02,0
11520,1968,2002-07-03,1
11520,1195,2002-08-01,0
11520,1471,2002-09-16,1
11520,1200,2002-10-12,0
11520,2005,2002-11-21,1
11520,1511,2002-12-19,0
11338,403,2009-05-08,1
11338,442,2009-06-13,0
11338,435,2009-07-21,0
11338,466,2009-08-31,1
11338,399,2009-09-30,1
11338,460,2009-11-18,1
10202,2402,2005-09-08,1
10202,2497,2005-09-23,0
10202,2348,2005-10-16,1
10202,2554,2005-11-03,0
10202,2308,2005-12-22,0
10202,1473,2006-01-31,1
10202,2695,2006-02-23,1
10326,120,2004-01-12,1
10326,167,2004-02-23,0
10326,88,2004-04-01,0
10326,114,2004-04-13,0
10326,86,2004-05-08,1
10326,139,2004-06-07,1
10326,166,2004-06-27,0
10326,89,2004-07-24,1
10424,648,2011-06-21,1
10424,996,2011-07-25,0
10424,751,2011-08-29,1
10424,918,2011-10-06,1
10424,851,2011-11-11,0
10424,1107,2011-12-26,1
10424,1140,2012-01-18,1
10522,242,2000-08-20,1
10522,271,2000-09-30,0
10522,298,2000-10-18,1
10522,252,2000-10-31,0
10522,292,2000-12-12,1
10522,185,2001-01-18,0
10522,193,2001-02-22,0
10522,297,2001-04-09,1
10049,413,2012-03-13,1
10049,447,2012-04-04,0
10049,564,2012-04-22,0
10049,629,2012-05-10,0
10049,630,2012-06-13,1
10049,402,2012-06-24,1
11537,233,2007-11-18,0
11537,203,2007-12-27,1
11537,151,2008-01-20,1
11537,173,2008-01-30,0
11537,183,2008-03-17,1
11537,169,2008-04-24,1
10285,1266,2012-11-23,1
10285,800,2012-12-22,0
10285,1375,2013-01-11,0
10285,1426,2013-02-09,0
10285,930,2013-02-26,1
10285,1496,2013-04-13,1
10436,2411,2012-01-06,0
10436,1666,2012-02-08,0
10436,1606,2012-03-14,1
10436,2050,2012-04-20,0
10436,1819,2012-06-01,1
10436,1621,2012-07-10,1
11595,109,2014-11-25,1
11595,104,2015-01-06,0
11595,111,2015-02-03,0
11595,122,2015-03-16,1
11595,106,2015-04-16,0
11547,1735,2003-06-20,0
11547,1393,2003-07-29,1
11547,1012,2003-08-09,1
11547,1569,2003-08-31,0
11547,1748,2003-10-11,1
11547,1701,2003-11-21,1
11547,1371,2003-12-21,0
11221,1511,2009-07-14,1
11221,2454,2009-07-29,1
11221,2560,2009-08-17,1
11221,2345,2009-09-22,1
11221,1741,2009-10-15,0
11221,2192,2009-12-02,0
11221,2088,2010-01-08,0
11221,1678,2010-01-20,1
11221,1480,2010-03-06,1
11484,247,2013-04-28,0
11484,208,2013-05-08,0
11484,289,2013-06-08,0
11484,155,2013-07-18,1
11484,233,2013-07-29,1
11484,169,2013-08-24,0
11561,1124,2000-07-30,1
11561,1099,2000-09-16,1
11561,1797,2000-10-26,1
11561,1056,2000-11-05,0
11561,1846,2000-12-11,0
11561,1087,2001-01-13,0
11561,1703,2001-02-21,0
11283,1597,2001-05-26,0
11283,1553,2001-07-03,0
11283,1318,2001-08-04,0
11283,1488,2001-09-17,1
11283,1358,2001-09-30,1
11283,1444,2001-11-08,1
11283,1563,2001-12-07,1
11283,1288,2002-01-08,0
11283,1059,2002-01-31,0
10087,832,2003-02-23,1
10087,659,2003-03-05,1
10087,564,2003-03-23,1
10087,855,2003-04-24,1
10087,1028,2003-06-05,0
10210,833,2012-01-31,1
10210,725,2012-03-19,1
10210,1231,2012-04-23,0
10210,992,2012-06-11,1
10210,909,2012-06-24,0
10210,1199,2012-07-20,1
10210,1097,2012-08-01,1
10210,983,2012-09-06,0
10210,1004,2012-10-03,1
11939,590,2005-09-09,1
11939,539,2005-10-21,1
11939,525,2005-11-09,1
11939,449,2005-12-20,0
11939,647,2006-02-02,1
11939,528,2006-02-18,1
11939,602,2006-03-05,0
11939,465,2006-04-07,1
10107,317,2012-07-30,1
10107,423,2012-09-15,0
10107,326,2012-10-10,1
10107,347,2012-10-24,0
10107,559,2012-11-06,0
10107,349,2012-12-18,0
10107,299,2013-01-04,0
10594,671,2012-08-29,1
10594,981,2012-09-14,0
10594,974,2012-10-19,1
10594,1082,2012-11-14,0
10594,1053,2012-12-04,1
10594,879,2013-01-01,0
10594,938,2013-02-02,0
10594,1044,2013-03-12,1
10594,637,2013-04-20,1
11793,1773,2000-10-23,1
11793,1663,2000-11-09,0
11793,2051,2000-12-11,0
11793,1432,2001-01-05,0
11793,1330,2001-02-02,1
11244,600,2009-11-22,0
11244,662,2009-12-21,0
11244,633,2010-01-03,0
11244,855,2010-02-18,0
11244,647,2010-03-06,0
11244,474,2010-04-11,0
11244,695,2010-05-16,1
11244,539,2010-06-09,1
11244,599,2010-07-22,1
11766,2217,2012-07-09,0
11766,1803,2012-08-21,1
11766,1809,2012-09-21,0
11766,1208,2012-10-22,1
11766,1804,2012-11-17,0
11766,1324,2012-12-15,1
11766,2114,2012-12-25,0
11766,1518,2013-01-20,0
11766,1194,2013-02-03,0
11287,2519,2006-12-23,0
11287,2270,2007-02-09,1
11287,2370,2007-03-20,1
11287,2563,2007-05-07,1
11287,1556,2007-05-26,1
11418,419,2006-02-27,1
11418,301,2006-03-22,0
11418,321,2006-04-30,0
11418,336,2006-06-10,0
11418,422,2006-07-23,0
11418,365,2006-09-08,0
11418,312,2006-10-27,1
11418,432,2006-11-22,1
11418,385,2006-12-28,0
10106,1256,2003-06-15,1
10106,692,2003-07-30,0
10106,888,2003-08-29,1
10106,1003,2003-09-09,1
10106,773,2003-10-02,1
11759,1192,2010-06-09,1
11759,1133,2010-07-27,0
11759,1266,2010-08-17,0
11759,1120,2010-09-05,0
11759,883,2010-10-22,0
11759,1143,2010-12-07,0
11759,930,2010-12-18,0
10716,1751,2002-06-21,1
10716,1901,2002-08-02,1
10716,1512,2002-08-19,1
10716,1183,2002-09-01,0
10716,1256,2002-09-19,0
10716,1067,2002-10-03,0
10716,1992,2002-10-29,0
10716,1724,2002-12-08,0
10716,1309,2002-12-19,0
11492,745,2006-05-13,0
11492,995,2006-06-10,1
11492,847,2006-07-29,1
11492,1044,2006-08-11,1
11492,1072,2006-09-23,1
10693,1241,2011-08-13,1
10693,1194,2011-09-24,0
10693,2060,2011-10-08,0
10693,1730,2011-11-21,1
10693,1439,2011-12-03,1
10693,2346,2012-01-14,1
11539,1926,2006-05-23,0
11539,2874,2006-06-16,0
11539,2608,2006-07-03,1
11539,2455,2006-08-05,0
11539,2671,2006-09-13,1
11023,2602,2007-08-15,0
11023,2004,2007-08-28,1
11023,1600,2007-10-01,1
11023,2242,2007-11-10,1
11023,2128,2007-12-25,0
11023,1618,2008-01-21,1
11023,2395,2008-02-27,1
11023,1418,2008-04-01,0
11023,2471,2008-05-10,0
10275,1332,2012-06-21,0
10275,1278,2012-07-19,0
10275,2245,2012-08-17,1
10275,1913,2012-09-07,0
10275,1668,2012-10-20,0
10275,1565,2012-11-27,0
10275,1605,2013-01-06,0
10275,1871,2013-02-16,0
10709,1770,2014-12-01,1
10709,2869,2014-12-31,1
10709,1876,2015-01-18,1
10709,2716,2015-02-02,1
10709,2801,2015-03-02,0
10709,1974,2015-03-26,1
10709,1910,2015-04-12,0
11587,664,2005-03-30,1
11587,999,2005-04-19,1
11587,629,2005-06-06,0
11587,578,2005-07-18,1
11587,591,2005-07-31,1
11060,611,2000-06-20,0
11060,666,2000-08-03,0
11060,595,2000-08-13,0
11060,497,2000-09-29,1
11060,572,2000-10-12,0
11060,615,2000-11-22,0
11060,619,2000-12-30,0
11060,629,2001-01-30,0
11060,664,2001-03-19,1
11685,978,2003-05-22,1
11685,1088,2003-06-11,0
11685,1143,2003-07-14,0
11685,886,2003-08-16,1
11685,1236,2003-09-15,1
11685,992,2003-10-21,0
11685,1150,2003-11-05,1
10336,938,2014-05-27,1
10336,1324,2014-06-22,0
10336,1833,2014-07-09,1
10336,1251,2014-07-25,1
10336,1101,2014-08-30,1
10336,1429,2014-09-27,1
10336,1791,2014-10-26,0
10336,1615,2014-11-20,1
11731,105,2007-04-12,1
11731,104,2007-05-16,1
11731,126,2007-06-18,1
11731,77,2007-07-13,0
11731,101,2007-08-17,0
11731,115,2007-09-18,0
11731,95,2007-11-02,0
11731,89,2007-12-05,1
11731,77,2008-01-15,0
11147,455,2005-11-28,0
11147,569,2006-01-11,1
11147,625,2006-02-26,0
11147,759,2006-03-09,1
11147,584,2006-03-31,1
11147,727,2006-05-19,0
11030,786,2013-03-30,0
11030,983,2013-04-09,0
11030,1012,2013-05-01,1
11030,1099,2013-05-30,0
11030,925,2013-06-17,1
11030,1033,2013-07-03,1
11030,934,2013-08-08,1
11030,956,2013-08-28,1
10456,244,2011-09-23,0
10456,225,2011-10-05,1
10456,372,2011-10-23,0
10456,299,2011-12-03,1
10456,296,2011-12-15,0
10456,324,2012-01-18,1
10456,235,2012-01-30,1
10456,297,2012-02-29,1
10456,236,2012-04-08,1
10637,1221,2003-05-23,0
10637,1074,2003-07-03,1
10637,818,2003-08-01,1
10637,845,2003-09-17,1
10637,1394,2003-10-10,0
10017,1313,2004-04-15,1
10017,1446,2004-05-06,1
10017,994,2004-06-08,1
10017,1248,2004-06-28,0
10017,1098,2004-07-13,1
10017,1099,2004-08-03,0
10017,1217,2004-08-25,0
10017,1017,2004-09-29,1
11594,660,2007-09-06,1
11594,804,2007-10-04,1
11594,804,2007-10-30,0
11594,680,2007-11-29,1
11594,1114,2008-01-10,1
11594,954,2008-02-23,1
11594,1122,2008-03-28,0
11010,625,2004-06-15,1
11010,599,2004-07-10,0
11010,749,2004-08-23,1
11010,859,2004-10-02,1
11010,562,2004-10-17,0
11010,1007,2004-11-26,0
11420,1698,2013-09-21,0
11420,1468,2013-10-20,0
11420,1816,2013-11-15,0
11420,1139,2013-12-15,1
11420,1947,2014-01-25,0
11420,1372,2014-02-13,1
10908,667,2010-09-10,1
10908,591,2010-10-29,0
10908,855,2010-11-20,1
10908,874,2010-12-01,0
10908,705,2011-01-08,1
10908,756,2011-02-20,0
10908,548,2011-04-04,1
10908,614,2011-05-12,0
10908,812,2011-06-05,1
10741,596,2002-05-02,1
10741,755,2002-06-01,1
10741,748,2002-06-15,0
10741,548,2002-07-15,1
10741,685,2002-08-21,1
10741,686,2002-10-03,1
10741,443,2002-10-24,1
10741,457,2002-12-12,0
10098,157,2000-07-22,1
10098,127,2000-08-03,0
10098,114,2000-09-19,0
10098,156,2000-10-14,1
10098,129,2000-11-29,1
10098,135,2000-12-28,0
10098,157,2001-02-07,1
10098,103,2001-03-17,0
10697,1914,2007-07-09,0
10697,1743,2007-08-17,0
10697,1847,2007-08-27,0
10697,2232,2007-10-13,0
10697,1957,2007-11-14,1
10697,1858,2007-12-13,1
10697,2061,2008-01-16,1
11850,812,2009-11-17,1
11850,993,2009-12-27,1
11850,1209,2010-02-12,1
11850,1064,2010-03-13,1
11850,833,2010-04-16,0
11235,766,2014-09-07,0
11235,1203,2014-10-24,0
11235,748,2014-11-14,1
11235,1230,2014-12-14,0
11235,836,2015-01-14,1
11235,798,2015-02-23,1
11235,933,2015-03-11,1
11235,771,2015-04-05,0
11420,1294,2010-04-12,1
11420,1416,2010-04-24,0
11420,1779,2010-05-30,0
11420,1229,2010-06-14,0
11420,1217,2010-07-20,0
11420,1305,2010-08-28,0
11420,1247,2010-10-01,0
11420,1589,2010-10-18,1
11420,1817,2010-11-16,0
11683,1743,2007-11-23,1
11683,2235,2007-12-06,0
11683,1589,2008-01-21,1
11683,2270,2008-02-07,1
11683,1860,2008-03-05,1
11264,186,2009-09-23,0
11264,218,2009-11-06,1
11264,273,2009-11-27,1
11264,250,2009-12-13,1
11264,272,2010-01-17,1
11261,1658,2009-03-09,0
11261,2410,2009-03-24,1
11261,1897,2009-04-10,1
11261,2073,2009-05-23,0
11261,1780,2009-06-23,1
11261,2067,2009-07-29,1
11261,1479,2009-08-16,1
11261,2275,2009-09-20,0
11261,2482,2009-10-21,0
10261,891,2014-10-12,1
10261,846,2014-11-30,0
10261,850,2014-12-19,1
10261,638,2015-02-01,0
10261,723,2015-02-28,1
10684,109,2014-12-12,1
10684,66,2015-01-27,0
10684,66,2015-02-14,0
10684,117,2015-04-03,0
10684,119,2015-05-22,0
10684,115,2015-07-06,0
10073,1300,2012-07-20,1
10073,1229,2012-08-30,1
10073,1307,2012-09-24,0
10073,829,2012-10-22,1
10073,1035,2012-11-29,0
10073,802,2012-12-12,0
10073,1065,2013-01-14,0
11968,1215,2014-06-17,1
11968,818,2014-07-04,0
11968,1480,2014-08-14,0
11968,1232,2014-09-25,0
11968,848,2014-10-24,1
11968,1007,2014-11-23,0
11968,1211,2014-12-04,0
11968,1312,2014-12-24,0
11593,495,2001-08-28,1
11593,347,2001-09-19,0
11593,298,2001-10-06,0
11593,517,2001-11-17,0
11593,426,2001-12-11,0
11593,293,2002-01-03,1
11593,327,2002-01-19,0
11593,532,2002-02-26,0
11593,481,2002-03-22,0
10933,1289,2002-12-23,1
10933,1278,2003-01-24,0
10933,1359,2003-03-01,0
10933,977,2003-03-23,0
10933,1481,2003-04-17,0
10933,1358,2003-05-26,0
10933,1280,2003-07-02,1
10933,1511,2003-08-20,0
10933,896,2003-09-07,1
10262,544,2006-12-22,1
10262,583,2007-01-14,1
10262,770,2007-03-02,1
10262,497,2007-04-06,1
10262,668,2007-04-21,1
10271,1612,2009-06-19,1
10271,1780,2009-08-06,1
10271,1272,2009-09-05,0
10271,1459,2009-10-04,0
10271,2194,2009-11-22,1
10271,1500,2009-12-14,1
11177,1516,2009-08-22,1
11177,1497,2009-09-20,1
11177,2140,2009-10-08,1
11177,1968,2009-11-10,0
11177,1615,2009-11-21,1
11177,1283,2009-12-09,0
11177,1820,2010-01-19,0
11177,1431,2010-02-16,0
11680,2423,2009-12-09,1
11680,1704,2010-01-05,0
11680,1608,2010-01-22,0
11680,2586,2010-03-09,0
11680,1643,2010-03-26,1
11680,2434,2010-05-10,1
11680,2533,2010-06-02,1
11680,2352,2010-07-20,0
10956,678,2001-03-15,0
10956,746,2001-04-03,0
10956,794,2001-05-14,1
10956,743,2001-06-22,1
10956,1004,2001-08-07,0
10956,772,2001-08-20,0
10956,630,2001-09-05,1
10956,738,2001-10-22,0
10224,1091,2003-03-31,1
10224,931,2003-05-02,1
10224,1008,2003-05-23,0
10224,1237,2003-06-19,1
10224,1006,2003-07-20,0
10224,1088,2003-09-03,1
10224,778,2003-10-14,0
11559,1338,2014-11-17,0
11559,1988,2014-12-22,0
11559,1720,2015-02-01,1
11559,1991,2015-02-21,1
11559,1307,2015-04-05,0
11559,2099,2015-05-09,1
11960,202,2014-09-27,1
11960,119,2014-11-07,1
11960,167,2014-12-18,1
11960,215,2015-01-11,1
11960,141,2015-02-08,1
11960,228,2015-03-20,1
11960,215,2015-04-09,1
11960,197,2015-05-13,0
10543,1580,2011-09-07,1
10543,2084,2011-09-17,1
10543,1620,2011-10-29,0
10543,1903,2011-11-13,1
10543,2441,2011-12-03,0
10543,2390,2011-12-24,0
11024,1510,2003-06-20,1
11024,1519,2003-07-12,1
11024,1273,2003-07-22,1
11024,1128,2003-08-06,0
11024,1112,2003-09-24,1
11024,1479,2003-10-05,1
11072,582,2015-01-26,1
11072,638,2015-02-28,1
11072,539,2015-03-21,0
11072,834,2015-05-02,1
11072,817,2015-06-17,0
11072,957,2015-07-01,0
11072,988,2015-07-14,1
11072,940,2015-07-29,0
11072,932,2015-08-21,1
10671,1908,2010-06-09,0
10671,1688,2010-07-05,0
10671,2380,2010-08-21,1
10671,1766,2010-09-12,0
10671,1554,2010-10-15,1
10671,1764,2010-11-29,0
10671,1543,2011-01-13,1
10671,1353,2011-02-04,0
10671,1428,2011-03-05,1
11740,623,2009-05-13,1
11740,918,2009-06-13,1
11740,508,2009-06-24,0
11740,805,2009-08-06,1
11740,913,2009-08-24,1
11740,908,2009-09-24,0
11740,699,2009-10-18,0
11740,883,2009-11-17,0
11740,835,2009-12-19,1
11147,431,2009-05-09,0
11147,553,2009-05-19,1
11147,380,2009-06-25,0
11147,338,2009-07-19,1
11147,349,2009-09-03,0
11147,502,2009-09-26,1
11147,400,2009-11-05,0
11386,2034,2013-07-31,0
11386,1039,2013-09-12,1
11386,1620,2013-09-29,0
11386,1871,2013-11-04,0
11386,1827,2013-11-24,0
11386,1267,2014-01-12,1
11386,1582,2014-02-24,0
11386,1872,2014-03-09,1
11655,1911,2001-12-06,1
11655,2658,2002-01-07,1
11655,2073,2002-02-19,0
11655,1886,2002-03-20,0
11655,1896,2002-05-08,1
11655,2463,2002-06-04,0
11655,1780,2002-06-20,0
11655,2145,2002-08-08,1
11655,2483,2002-08-30,0
11708,2097,2004-02-13,0
11708,1581,2004-02-28,1
11708,1363,2004-03-18,1
11708,1570,2004-04-17,1
11708,2521,2004-05-25,0
11708,1570,2004-06-17,0
11708,1830,2004-07-27,1
11708,1331,2004-09-03,0
11204,1427,2013-12-20,1
11204,1724,2014-01-02,0
11204,1296,2014-01-30,0
11204,1158,2014-02-10,1
11204,1066,2014-03-13,1
11204,1241,2014-05-01,0
11204,1061,2014-05-19,0
11204,1606,2014-06-15,0
11204,1344,2014-07-25,1
11328,1862,2001-03-10,1
11328,2267,2001-04-12,0
11328,2592,2001-05-29,1
11328,1816,2001-07-08,1
11328,1787,2001-08-06,1
11328,1604,2001-09-12,0
11328,1861,2001-09-23,0
11328,1746,2001-10-03,1
11706,544,2011-06-14,0
11706,382,2011-06-25,0
11706,562,2011-08-13,1
11706,458,2011-09-23,0
11706,533,2011-11-02,0
11706,394,2011-12-12,1
11706,513,2012-01-21,0
10491,958,2003-07-20,0
10491,666,2003-08-14,1
10491,1133,2003-09-28,0
10491,962,2003-11-10,1
10491,1169,2003-12-17,0
10491,753,2004-01-15,1
10491,1063,2004-02-09,0
10491,741,2004-03-26,1
10491,753,2004-05-08,0
10840,2445,2002-10-21,1
10840,2411,2002-11-01,0
10840,1443,2002-11-21,1
10840,1860,2002-12-05,1
10840,1551,2002-12-15,0
10840,1694,2003-01-24,0
10840,1544,2003-02-13,1
10840,1952,2003-03-26,0
11251,464,2000-05-21,1
11251,413,2000-06-23,0
11251,402,2000-07-31,0
11251,568,2000-08-27,0
11251,333,2000-10-12,0
11251,537,2000-11-22,1
11251,385,2000-12-20,1
10729,179,2009-02-23,1
10729,235,2009-03-21,1
10729,212,2009-04-30,0
10729,255,2009-06-03,0
10729,237,2009-07-22,0
11988,549,2001-06-20,1
11988,359,2001-07-17,0
11988,412,2001-07-29,0
11988,691,2001-09-05,1
11988,475,2001-10-09,1
11988,367,2001-11-10,0
11513,1014,2005-12-25,1
11513,1208,2006-01-14,1
11513,769,2006-02-27,0
11513,1199,2006-03-14,1
11513,1057,2006-03-24,1
11513,923,2006-04-08,1
11513,697,2006-05-12,0
11513,685,2006-06-29,1
11513,1185,2006-07-24,1
10156,1471,2012-12-06,1
10156,915,2012-12-31,1
10156,1484,2013-01-21,0
10156,1348,2013-02-08,0
10156,854,2013-03-11,0
10156,1082,2013-04-12,1
10599,1993,2005-01-31,0
10599,2591,2005-02-10,1
10599,2722,2005-03-31,0
10599,1759,2005-05-15,0
10599,2735,2005-06-04,1
10728,1917,2002-10-16,1
10728,2431,2002-12-02,0
10728,2619,2002-12-25,0
10728,2375,2003-02-06,1
10728,1904,2003-03-01,1
10728,1517,2003-03-15,1
10728,2097,2003-04-18,0
10728,1694,2003-06-01,1
10728,1964,2003-06-18,1
10909,996,2005-08-21,1
10909,917,2005-10-05,1
10909,1027,2005-10-23,1
10909,788,2005-11-14,0
10909,829,2005-12-03,1
10909,1150,2006-01-13,0
10909,664,2006-02-12,0
10909,653,2006-03-13,1
10909,1082,2006-04-17,0
10261,1603,2009-09-05,1
10261,2252,2009-09-27,1
10261,2290,2009-10-08,1
10261,2195,2009-10-30,0
10261,1267,2009-11-17,0
11538,1149,2006-03-17,1
11538,844,2006-03-28,0
11538,904,2006-04-21,1
11538,646,2006-06-04,1
11538,714,2006-06-28,0
11538,706,2006-07-15,1
11538,634,2006-08-11,1
11538,715,2006-08-31,1
11538,597,2006-09-28,1
10624,1259,2001-02-18,1
10624,1176,2001-03-20,1
10624,1009,2001-04-03,0
10624,1653,2001-05-20,1
10624,977,2001-06-02,1
10624,1470,2001-06-24,0
10624,1112,2001-07-14,1
10624,989,2001-08-28,1
10624,1044,2001-09-11,0
11882,612,2002-02-09,1
11882,445,2002-02-23,1
11882,608,2002-03-11,0
11882,454,2002-04-01,1
11882,369,2002-05-11,0
11812,1307,2007-11-09,0
11812,1455,2007-11-27,0
11812,931,2007-12-23,1
11812,1096,2008-01-27,0
11812,1482,2008-02-20,1
11812,998,2008-03-16,1
11812,1642,2008-04-11,0
11812,853,2008-05-11,0
11072,1406,2006-04-09,0
11072,1573,2006-04-28,1
11072,1105,2006-05-17,1
11072,1556,2006-06-21,1
11072,915,2006-08-07,0
11072,951,2006-09-14,1
11072,905,2006-10-16,0
10763,1849,2007-09-16,1
10763,1468,2007-10-29,1
10763,1261,2007-11-09,0
10763,1832,2007-11-26,0
10763,2311,2007-12-25,0
10763,1681,2008-01-23,1
11733,1139,2006-03-28,1
11733,949,2006-04-18,1
11733,962,2006-05-12,0
11733,867,2006-06-26,1
11733,1099,2006-07-09,1
11443,2243,2010-05-24,1
11443,1689,2010-06-24,0
11443,1789,2010-07-04,0
11443,1599,2010-07-19,1
11443,2220,2010-08-24,1
11443,1814,2010-10-08,1
11443,1862,2010-11-14,0
11443,2098,2010-11-24,0
11770,1295,2003-09-04,1
11770,1566,2003-09-20,0
11770,1397,2003-10-08,1
11770,1453,2003-11-02,0
11770,1660,2003-12-04,0
11770,1116,2004-01-22,0
11770,1344,2004-02-04,0
10603,296,2004-12-19,1
10603,508,2005-01-24,0
10603,568,2005-03-05,0
10603,441,2005-03-30,0
10603,395,2005-05-03,1
10603,426,2005-05-15,1
10603,540,2005-06-11,0
11574,169,2012-06-22,1
11574,206,2012-07-20,0
11574,165,2012-08-03,1
11574,182,2012-09-14,1
11574,138,2012-10-16,0
11574,220,2012-11-13,0
11574,174,2012-12-01,0
11574,130,2013-01-17,1
11574,148,2013-01-27,0
11035,1629,2005-09-04,0
11035,2769,2005-09-17,0
11035,2587,2005-10-17,0
11035,2104,2005-11-19,0
11035,2058,2005-12-04,1
11208,390,2003-02-11,0
11208,395,2003-03-01,0
11208,404,2003-04-11,1
11208,758,2003-05-28,1
11208,473,2003-06-18,1
11208,756,2003-07-22,0
10769,210,2012-01-28,1
10769,135,2012-03-08,1
10769,210,2012-03-18,1
10769,191,2012-04-23,1
10769,183,2012-05-29,1
10769,165,2012-06-08,0
10769,209,2012-07-22,0
10769,136,2012-08-26,0
10769,152,2012-09-10,0
10271,76,2013-07-28,1
10271,57,2013-08-17,1
10271,70,2013-09-27,1
10271,100,2013-11-10,1
10271,70,2013-11-23,1
10271,96,2014-01-06,1
11448,451,2002-11-29,0
11448,309,2002-12-09,0
11448,357,2003-01-03,0
11448,298,2003-01-19,1
11448,332,2003-03-02,1
11448,281,2003-03-20,0
11448,249,2003-04-30,1
11372,2027,2010-07-14,1
11372,2115,2010-07-29,0
11372,2000,2010-08-18,0
11372,1580,2010-08-28,1
11372,2713,2010-10-16,0
11372,1935,2010-12-04,1
10850,1712,2012-01-10,1
10850,949,2012-02-23,1
10850,1817,2012-03-16,0
10850,1039,2012-04-12,1
10850,1360,2012-04-22,0
10850,1578,2012-05-13,0
10906,277,2012-06-02,1
10906,374,2012-06-13,1
10906,492,2012-07-22,1
10906,319,2012-09-05,1
10906,450,2012-09-23,1
10906,453,2012-10-28,1
10906,321,2012-11-17,0
10906,335,2012-11-30,1
11631,564,2004-10-01,1
11631,790,2004-11-06,1
11631,743,2004-12-10,1
11631,651,2004-12-21,1
11631,832,2005-01-03,0
11631,751,2005-02-13,0
10426,290,2010-07-31,0
10426,339,2010-09-05,1
10426,208,2010-10-03,1
10426,315,2010-10-14,0
10426,204,2010-11-11,1
10426,286,2010-12-21,0
10426,284,2011-01-10,0
10426,227,2011-01-25,0
10426,320,2011-02-05,1
10239,2536,2013-08-27,0
10239,2493,2013-10-07,1
10239,1667,2013-11-09,1
10239,1821,2013-12-09,0
10239,1435,2014-01-20,0
10552,1198,2005-02-20,0
10552,642,2005-04-05,1
10552,605,2005-05-05,1
10552,827,2005-05-28,1
10552,1030,2005-06-27,1
10552,1073,2005-07-07,0
10552,1195,2005-08-19,1
10552,892,2005-09-24,0
10552,818,2005-10-08,1
11113,1695,2001-10-29,0
11113,1934,2001-12-01,1
11113,2437,2001-12-14,1
11113,2489,2002-01-07,1
11113,1966,2002-02-13,1
11113,2493,2002-03-14,0
11023,402,2007-08-18,1
11023,441,2007-09-16,0
11023,319,2007-10-05,1
11023,387,2007-11-10,0
11023,328,2007-12-24,1
11023,341,2008-01-17,1
10918,349,2007-02-21,1
10918,248,2007-03-10,0
10918,325,2007-04-25,0
10918,445,2007-05-17,1
10918,358,2007-07-03,1
10918,376,2007-07-26,1
10918,282,2007-08-22,0
10918,369,2007-09-11,0
10918,313,2007-10-09,1
10939,272,2003-03-12,1
10939,446,2003-03-26,1
10939,399,2003-04-12,1
10939,399,2003-05-10,0
10939,433,2003-06-04,0
11505,426,2003-11-01,0
11505,402,2003-12-14,0
11505,595,2004-01-27,1
11505,354,2004-02-25,0
11505,535,2004-04-13,1
10945,2245,2006-06-01,1
10945,1499,2006-07-13,0
10945,1644,2006-08-31,1
10945,1845,2006-10-11,0
10945,2791,2006-10-23,0
11932,2506,2014-01-23,1
11932,1632,2014-03-08,0
11932,1570,2014-04-05,1
11932,1401,2014-05-12,0
11932,1740,2014-06-09,0
11932,1448,2014-07-19,0
11932,2278,2014-08-09,0
11932,1703,2014-09-12,1
11915,1879,2003-09-01,1
11915,2104,2003-10-06,1
11915,1376,2003-11-10,1
11915,2290,2003-12-26,0
11915,2046,2004-02-11,0
10802,545,2004-01-12,0
10802,548,2004-01-29,0
10802,824,2004-02-25,1
10802,504,2004-03-09,1
10802,566,2004-03-31,1
10802,788,2004-05-11,0
10802,607,2004-06-02,1
10802,665,2004-06-25,0
10802,546,2004-08-10,0
11669,193,2014-06-29,0
11669,337,2014-07-15,1
11669,332,2014-07-28,0
11669,328,2014-09-09,1
11669,223,2014-10-01,1
10040,1341,2002-02-22,0
10040,878,2002-03-23,0
10040,1011,2002-04-25,0
10040,1071,2002-05-25,1
10040,1229,2002-06-28,1
11427,1755,2008-08-10,0
11427,1824,2008-08-31,0
11427,1424,2008-10-16,1
11427,1721,2008-11-28,1
11427,2051,2009-01-01,0
11093,353,2005-05-20,1
11093,535,2005-07-06,1
11093,475,2005-07-30,1
11093,419,2005-08-13,1
11093,419,2005-09-30,0
11093,300,2005-10-30,1
11093,288,2005-11-13,0
11093,356,2005-12-20,1
11093,429,2006-01-06,0
10617,1223,2013-05-25,0
10617,1497,2013-06-17,0
10617,976,2013-07-31,1
10617,1332,2013-08-31,0
10617,1443,2013-09-24,1
10617,1579,2013-10-10,0
10617,1444,2013-11-23,1
11730,2574,2013-04-24,1
11730,2153,2013-05-25,1
11730,2055,2013-06-13,1
11730,2701,2013-06-29,1
11730,1888,2013-08-15,0
11730,2393,2013-09-05,1
11730,2116,2013-10-08,0
11730,1634,2013-10-19,0
10851,1803,2009-11-28,1
10851,2064,2010-01-15,0
10851,2382,2010-02-10,0
10851,2075,2010-03-05,0
10851,2596,2010-03-21,0
10851,1540,2010-04-04,0
10851,1718,2010-05-03,0
10589,638,2006-03-30,1
10589,466,2006-04-30,0
10589,679,2006-05-11,1
10589,780,2006-06-15,1
10589,835,2006-07-05,1
10589,688,2006-08-15,0
10589,609,2006-09-10,1
10589,483,2006-10-21,0
11827,2438,2005-01-14,0
11827,2755,2005-02-26,1
11827,2770,2005-04-11,1
11827,2573,2005-05-28,1
11827,2713,2005-07-14,0
11827,2820,2005-08-17,0
11827,1790,2005-09-25,0
11827,2101,2005-10-05,0
11827,1494,2005-11-14,1
11965,1049,2000-05-19,0
11965,1091,2000-06-14,1
11965,726,2000-07-31,1
11965,960,2000-08-27,1
11965,1130,2000-10-11,1
11965,726,2000-11-04,1
11965,1066,2000-12-15,1
11965,1020,2001-01-10,1
11947,2087,2011-12-18,1
11947,1949,2012-01-11,1
11947,2064,2012-01-28,0
11947,1073,2012-02-16,0
11947,1113,2012-03-05,0
11947,1462,2012-04-04,1
11947,1355,2012-04-19,1
11947,2005,2012-05-11,1
10116,1973,2013-06-05,0
10116,2336,2013-06-22,0
10116,2855,2013-07-17,0
10116,1860,2013-08-05,0
10116,1690,2013-08-27,0
10144,1699,2001-12-08,0
10144,1744,2001-12-23,1
10144,1400,2002-02-09,1
10144,1127,2002-03-12,1
10144,1707,2002-04-23,1
10144,946,2002-05-11,1
11175,597,2014-05-02,0
11175,482,2014-06-13,1
11175,551,2014-07-29,1
11175,932,2014-08-24,1
11175,937,2014-09-20,1
11175,715,2014-10-30,0
11175,753,2014-11-22,0
11175,508,2014-12-05,1
11175,557,2015-01-03,0
11927,1824,2010-11-26,1
11927,2702,2011-01-09,1
11927,2477,2011-02-08,0
11927,2195,2011-03-12,0
11927,1662,2011-04-07,1
11927,1791,2011-05-16,1
11927,2207,2011-06-19,1
11927,2501,2011-07-10,0
11927,2152,2011-08-08,1
11716,2036,2010-10-21,0
11716,1610,2010-11-28,1
11716,1676,2010-12-19,0
11716,1638,2011-01-17,0
11716,2283,2011-02-20,0
11716,2268,2011-04-07,0
11188,1324,2014-07-20,1
11188,1373,2014-08-26,1
11188,1105,2014-09-08,1
11188,1302,2014-09-20,0
11188,1170,2014-10-15,0
11188,1034,2014-10-30,1
11188,896,2014-11-19,0
11188,800,2015-01-06,1
11045,2405,2005-03-28,0
11045,2571,2005-04-27,0
11045,2898,2005-05-31,1
11045,1675,2005-07-01,0
11045,1478,2005-08-07,1
11045,2724,2005-09-01,1
11045,2187,2005-09-22,0
11045,2742,2005-10-06,0
10424,136,2009-10-07,1
10424,146,2009-10-31,1
10424,179,2009-12-17,1
10424,160,2009-12-27,1
10424,117,2010-01-09,0
10424,108,2010-02-20,0
10424,116,2010-03-18,1
10424,106,2010-04-29,0
10157,1698,2010-10-15,1
10157,2004,2010-11-07,1
10157,1893,2010-12-16,1
10157,1226,2011-02-03,1
10157,2008,2011-02-20,1
10157,1803,2011-03-31,1
10157,1409,2011-05-07,0
10157,1722,2011-06-03,0
10157,1706,2011-06-28,0
10742,618,2005-03-09,1
10742,746,2005-03-20,1
10742,634,2005-04-17,0
10742,437,2005-06-04,1
10742,461,2005-06-23,0
10742,719,2005-07-10,0
10742,799,2005-08-10,1
11338,1434,2007-08-07,1
11338,2167,2007-09-08,1
11338,1740,2007-10-06,0
11338,2059,2007-11-22,1
11338,2220,2007-12-21,1
11338,2033,2008-01-25,1
11338,1687,2008-02-04,1
11338,1803,2008-03-08,0
11617,972,2011-06-22,1
11617,1438,2011-08-01,0
11617,1706,2011-08-13,0
11617,1580,2011-08-24,0
11617,1178,2011-09-28,0
11617,1616,2011-10-13,1
10362,783,2005-10-04,1
10362,469,2005-10-29,0
10362,452,2005-12-03,0
10362,649,2005-12-22,0
10362,492,2006-02-05,1
10362,554,2006-03-16,1
10362,638,2006-04-22,0
10362,777,2006-05-03,0
10362,670,2006-06-17,0
10988,977,2011-04-20,1
10988,1023,2011-05-16,1
10988,1164,2011-06-17,0
10988,1017,2011-08-04,0
10988,1294,2011-09-15,1
10988,1258,2011-10-03,1
10988,812,2011-10-31,1
10988,1000,2011-11-10,0
11246,867,2010-02-22,0
11246,1109,2010-03-22,0
11246,1259,2010-05-03,0
11246,781,2010-06-16,1
11246,681,2010-07-08,1
11246,900,2010-08-21,0
11246,992,2010-09-09,0
11246,877,2010-10-26,1
10700,913,2004-05-10,0
10700,1037,2004-06-20,0
10700,1445,2004-07-11,1
10700,1588,2004-07-26,1
10700,1425,2004-09-01,0
10355,587,2013-11-10,1
10355,913,2013-12-23,0
10355,649,2014-01-27,0
10355,1067,2014-03-05,0
10355,666,2014-04-15,1
10355,816,2014-05-19,0
10355,871,2014-07-01,0
10355,803,2014-08-13,0
10355,645,2014-09-23,1
10277,2659,2011-03-14,0
10277,1569,2011-03-31,1
10277,1519,2011-05-03,0
10277,1617,2011-05-30,0
10277,2313,2011-07-12,0
10277,2449,2011-08-11,1
10277,1934,2011-09-27,0
10277,2488,2011-10-22,0
10177,1015,2002-01-06,0
10177,1672,2002-02-11,1
10177,1415,2002-03-21,1
10177,1075,2002-04-23,1
10177,1112,2002-05-25,1
11173,313,2008-11-17,1
11173,269,2008-12-29,0
11173,286,2009-01-29,1
11173,332,2009-03-06,0
11173,399,2009-03-25,0
10694,1814,2006-12-11,0
10694,1233,2006-12-29,0
10694,1246,2007-02-15,0
10694,1784,2007-03-30,1
10694,1590,2007-04-13,0
10694,1601,2007-05-11,0
10694,964,2007-05-24,0
10694,1696,2007-06-03,0
11363,998,2002-06-17,0
11363,869,2002-07-19,1
11363,651,2002-09-03,0
11363,875,2002-10-21,0
11363,671,2002-12-05,0
11363,582,2003-01-06,0
11363,536,2003-02-03,1
10289,966,2013-12-12,0
10289,871,2013-12-26,1
10289,1182,2014-02-08,0
10289,887,2014-02-26,1
10289,922,2014-03-19,0
10289,1011,2014-04-16,0
10475,1309,2005-10-07,0
10475,1297,2005-11-16,1
10475,1344,2005-12-19,1
10475,1224,2006-01-19,1
10475,1162,2006-02-12,1
11826,1036,2013-08-30,1
11826,1300,2013-09-21,1
11826,767,2013-10-16,0
11826,1290,2013-12-01,1
11826,768,2013-12-15,1
11826,845,2014-01-14,0
11826,1219,2014-02-23,1
11826,1068,2014-03-16,0
10732,536,2003-04-24,0
10732,652,2003-05-24,0
10732,975,2003-06-21,1
10732,503,2003-07-17,1
10732,981,2003-07-28,0
10732,756,2003-08-23,1
10732,702,2003-10-01,0
10732,834,2003-10-24,0
10798,236,2009-05-25,1
10798,239,2009-07-13,1
10798,225,2009-08-12,1
10798,137,2009-08-25,0
10798,219,2009-09-22,0
10429,1986,2003-06-01,0
10429,2390,2003-07-08,0
10429,2074,2003-07-18,0
10429,1380,2003-09-05,0
10429,2096,2003-10-09,0
10429,1882,2003-11-15,1
10724,468,2006-11-03,0
10724,619,2006-12-04,1
10724,452,2006-12-26,0
10724,458,2007-01-11,1
10724,638,2007-02-12,1
10721,1453,2010-08-28,0
10721,2197,2010-10-16,1
10721,1270,2010-10-26,0
10721,2177,2010-11-23,0
10721,1263,2010-12-08,0
10721,1425,2011-01-09,1
11623,596,2008-09-13,1
11623,469,2008-10-10,0
11623,758,2008-11-11,1
11623,604,2008-11-28,0
11623,515,2009-01-07,0
11623,543,2009-02-07,1
11623,799,2009-03-08,1
11183,1153,2003-12-04,1
11183,1047,2004-01-01,1
11183,876,2004-02-10,1
11183,1158,2004-03-12,0
11183,648,2004-04-13,1
10163,578,2013-11-19,1
10163,750,2014-01-06,1
10163,772,2014-01-18,0
10163,606,2014-03-03,0
10163,859,2014-03-14,0
10163,764,2014-03-28,1
10163,834,2014-05-01,1
10116,640,2001-06-03,1
10116,1082,2001-06-24,0
10116,1113,2001-08-04,0
10116,622,2001-08-18,1
10116,762,2001-09-14,0
10116,937,2001-10-06,1
10116,875,2001-10-20,0
10919,1574,2010-01-31,0
10919,1196,2010-03-19,0
10919,1619,2010-05-04,1
10919,1667,2010-05-17,1
10919,1617,2010-06-28,1
10919,1171,2010-08-16,1
10919,1179,2010-09-27,1
11988,2053,2000-03-05,0
11988,2627,2000-03-30,0
11988,1911,2000-04-11,1
11988,2401,2000-05-18,1
11988,2440,2000-07-05,0
10198,1889,2012-05-27,1
10198,1713,2012-06-20,0
10198,1382,2012-07-21,0
10198,1386,2012-09-05,1
10198,1347,2012-10-08,0
10198,1709,2012-11-07,0
10300,1335,2008-02-26,1
10300,1392,2008-03-18,0
10300,1109,2008-04-30,0
10300,1135,2008-05-18,1
10300,1466,2008-05-29,1
11610,1712,2010-10-31,1
11610,1301,2010-11-27,1
11610,1217,2010-12-21,1
11610,1797,2011-01-20,0
11610,1565,2011-02-16,1
11610,2244,2011-03-15,1
10891,635,2010-09-05,0
10891,624,2010-10-10,1
10891,718,2010-11-18,0
10891,544,2010-11-30,0
10891,680,2010-12-16,1
10891,676,2011-01-10,0
10891,856,2011-02-21,1
10891,769,2011-03-25,0
11593,2724,2014-04-04,1
11593,2485,2014-05-10,0
11593,2643,2014-05-22,1
11593,2499,2014-06-24,0
11593,1997,2014-07-12,0
11593,1623,2014-08-06,0
11320,1141,2009-08-13,1
11320,1217,2009-08-24,0
11320,1360,2009-09-28,0
11320,2092,2009-10-22,0
11320,1721,2009-11-27,0
11320,1182,2010-01-11,1
11320,1260,2010-02-07,1
11320,1559,2010-03-28,0
11320,1863,2010-05-01,1
10240,1939,2007-08-10,1
10240,1833,2007-08-27,0
10240,1597,2007-10-08,0
10240,1320,2007-10-22,0
10240,1911,2007-11-15,1
10240,1083,2007-11-27,0
10240,2022,2007-12-07,1
11652,1461,2014-07-09,1
11652,1896,2014-08-17,0
11652,2025,2014-10-05,0
11652,1433,2014-11-02,1
11652,1650,2014-11-25,1
11652,1909,2014-12-07,0
11790,641,2002-03-14,1
11790,856,2002-03-28,0
11790,842,2002-04-08,0
11790,745,2002-05-25,0
11790,875,2002-06-18,1
10681,2229,2008-10-02,0
10681,2409,2008-10-23,0
10681,2176,2008-11-09,0
10681,1796,2008-12-15,1
10681,1788,2009-01-29,1
10681,2367,2009-02-21,0
11602,1611,2007-05-25,1
11602,1668,2007-06-23,1
11602,1361,2007-08-05,1
11602,2211,2007-09-07,1
11602,1177,2007-10-01,1
11602,1430,2007-11-13,0
11602,1172,2007-11-26,1
11602,2221,2007-12-26,0
10277,1455,2006-08-22,1
10277,991,2006-09-11,1
10277,1076,2006-09-26,0
10277,1675,2006-10-20,0
10277,1364,2006-11-10,1
10277,1911,2006-12-22,1
10277,1729,2007-01-31,0
11128,733,2007-11-04,0
11128,645,2007-12-18,0
11128,541,2008-02-04,0
11128,609,2008-03-08,1
11128,712,2008-03-19,1
11128,600,2008-04-28,1
11128,663,2008-06-06,1
11128,735,2008-07-13,0
11333,1480,2000-09-15,1
11333,1812,2000-10-11,0
11333,2103,2000-11-02,0
11333,2284,2000-12-05,0
11333,1706,2001-01-11,1
11333,1446,2001-01-21,1
10301,1539,2000-10-12,1
10301,1789,2000-11-07,0
10301,2118,2000-11-17,1
10301,2057,2000-12-29,1
10301,1792,2001-01-12,0
10301,1445,2001-02-14,0
10301,1356,2001-03-09,0
10301,2086,2001-03-27,1
11006,874,2009-02-16,1
11006,1116,2009-04-06,0
11006,1550,2009-04-28,0
11006,1440,2009-06-10,1
11006,1332,2009-06-26,0
10024,647,2005-06-15,1
10024,867,2005-07-08,1
10024,518,2005-08-14,0
10024,587,2005-09-02,0
10024,586,2005-09-17,0
10024,895,2005-10-23,0
10024,697,2005-11-04,1
10024,670,2005-12-21,1
10024,878,2006-01-11,1
10075,358,2001-05-22,0
10075,278,2001-07-08,0
10075,363,2001-08-03,1
10075,383,2001-08-16,1
10075,243,2001-09-05,1
10075,368,2001-10-10,0
10075,350,2001-10-24,1
10131,1924,2014-12-01,1
10131,1903,2015-01-04,0
10131,1047,2015-01-27,1
10131,1905,2015-02-27,1
10131,1266,2015-04-09,0
10131,1069,2015-04-30,0
10131,1792,2015-05-11,1
10131,1431,2015-06-22,0
11174,2090,2012-05-15,0
11174,1626,2012-06-03,0
11174,1641,2012-07-12,1
11174,1397,2012-07-25,0
11174,1625,2012-08-23,1
11174,1323,2012-09-27,1
11174,2405,2012-10-07,1
11174,2295,2012-11-09,1
11174,1983,2012-12-28,1
11249,832,2008-02-11,1
11249,436,2008-03-18,0
11249,613,2008-03-29,1
11249,488,2008-04-20,1
11249,701,2008-05-31,1
11249,481,2008-06-15,0
11249,605,2008-07-04,1
11249,699,2008-08-12,0
11249,795,2008-08-27,0
11668,808,2007-03-05,0
11668,1151,2007-03-18,0
11668,1044,2007-04-04,1
11668,761,2007-05-03,1
11668,1239,2007-06-01,0
11668,836,2007-06-25,0
11234,1414,2003-08-25,1
11234,2103,2003-09-08,0
11234,1362,2003-10-18,1
11234,1595,2003-11-26,0
11234,1476,2003-12-27,1
11546,1123,2002-11-04,1
11546,1093,2002-11-21,1
11546,1178,2002-12-19,0
11546,1149,2003-02-03,0
11546,1196,2003-03-02,1
11879,730,2001-08-09,1
11879,830,2001-09-06,1
11879,664,2001-09-22,0
11879,595,2001-10-13,0
11879,531,2001-11-19,0
10502,1663,2003-07-21,1
10502,1300,2003-09-01,1
10502,1448,2003-09-19,1
10502,1636,2003-10-22,0
10502,1670,2003-11-04,0
11953,1309,2012-04-17,1
11953,1310,2012-04-30,0
11953,1229,2012-06-11,1
11953,822,2012-07-10,0
11953,761,2012-08-19,1
11713,293,2007-05-02,0
11713,312,2007-06-13,1
11713,252,2007-07-01,0
11713,271,2007-07-13,1
11713,264,2007-08-30,1
11713,359,2007-09-26,0
11713,210,2007-11-04,0
10386,197,2010-09-22,1
10386,165,2010-11-10,0
10386,216,2010-12-15,1
10386,201,2011-01-06,0
10386,164,2011-02-19,1
10386,184,2011-04-08,1
10386,252,2011-04-30,0
10386,239,2011-06-11,0
10386,202,2011-06-23,0
10532,1823,2006-09-07,1
10532,1444,2006-10-20,0
10532,2086,2006-11-15,0
10532,2494,2006-12-27,0
10532,2365,2007-01-17,1
10532,2573,2007-03-06,1
10532,2570,2007-04-09,1
10532,1420,2007-05-23,0
10532,1788,2007-06-30,0
11975,674,2002-11-08,0
11975,661,2002-11-20,1
11975,408,2002-12-19,0
11975,510,2003-01-17,0
11975,580,2003-02-02,0
11975,445,2003-03-03,0
11975,663,2003-03-20,1
11975,422,2003-05-08,1
11975,494,2003-06-19,1
10470,2641,2011-08-06,0
10470,1411,2011-08-29,1
10470,2698,2011-09-22,1
10470,2674,2011-10-25,0
10470,2738,2011-12-04,1
10470,1416,2011-12-23,1
10282,896,2005-07-23,0
10282,653,2005-09-02,1
10282,1113,2005-10-09,0
10282,758,2005-11-05,1
10282,1059,2005-11-30,0
10282,940,2005-12-14,0
10282,889,2006-01-31,0
10282,941,2006-02-17,0
10706,1039,2012-11-13,1
10706,1068,2012-12-26,0
10706,835,2013-01-17,0
10706,784,2013-02-14,0
10706,949,2013-03-29,0
10706,1035,2013-04-16,0
10706,1294,2013-05-28,0
10706,1060,2013-07-09,1
10706,955,2013-08-05,1
10060,2026,2012-09-03,1
10060,1397,2012-09-22,1
10060,2630,2012-11-05,0
10060,2242,2012-12-02,0
10060,2138,2013-01-12,1
10060,2103,2013-01-22,0
10060,2525,2013-02-10,0
11154,1505,2011-12-02,0
11154,1374,2011-12-17,1
11154,1274,2012-01-29,1
11154,1369,2012-03-15,1
11154,2047,2012-04-29,0
11614,2769,2011-03-15,1
11614,2439,2011-04-02,1
11614,1770,2011-04-17,0
11614,1878,2011-05-24,0
11614,2915,2011-06-16,1
11614,1782,2011-07-19,0
11614,2359,2011-08-06,1
11614,1695,2011-09-11,0
11367,845,2011-03-21,0
11367,700,2011-04-19,0
11367,874,2011-05-05,1
11367,887,2011-05-25,0
11367,919,2011-07-12,1
11367,593,2011-08-05,1
11876,395,2003-08-16,0
11876,353,2003-08-30,0
11876,452,2003-09-25,1
11876,481,2003-11-09,1
11876,392,2003-12-22,1
11876,487,2004-01-23,0
11183,648,2013-04-02,1
11183,521,2013-04-30,0
11183,632,2013-05-25,0
11183,525,2013-06-17,0
11183,554,2013-07-07,1
11183,795,2013-07-18,1
11183,854,2013-08-10,1
10682,2276,2005-04-26,0
10682,1593,2005-06-13,0
10682,2233,2005-08-01,1
10682,2405,2005-08-16,0
10682,1586,2005-09-14,1
10682,1918,2005-10-28,0
10682,2043,2005-12-06,0
10682,2445,2005-12-26,0
11588,1146,2005-08-08,1
11588,1415,2005-08-21,0
11588,1507,2005-08-31,0
11588,1363,2005-10-08,0
11588,1017,2005-10-25,0
11681,1640,2014-05-14,1
11681,1687,2014-05-24,0
11681,1427,2014-06-10,1
11681,1541,2014-07-15,1
11681,1902,2014-08-17,1
11681,2075,2014-09-08,1
11681,1566,2014-10-17,0
10690,269,2014-05-14,0
10690,338,2014-06-30,1
10690,423,2014-07-12,0
10690,355,2014-08-07,1
10690,294,2014-09-07,1
10690,490,2014-10-25,1
10690,305,2014-11-27,1
10327,1680,2007-04-08,1
10327,1092,2007-05-02,0
10327,1760,2007-05-15,1
10327,1032,2007-06-01,0
10327,1120,2007-06-19,1
10222,343,2005-09-07,0
10222,492,2005-10-17,1
10222,341,2005-11-30,0
10222,421,2005-12-13,0
10222,517,2006-01-14,0
10552,2138,2013-12-28,0
10552,1689,2014-01-11,1
10552,1921,2014-02-26,0
10552,1582,2014-03-24,0
10552,2596,2014-04-07,0
11674,2469,2001-12-04,0
11674,1326,2002-01-13,0
11674,1960,2002-01-26,0
11674,2458,2002-03-16,0
11674,2107,2002-04-12,1
11674,1403,2002-05-21,1
11674,1894,2002-06-02,0
11674,1391,2002-06-24,0
10109,1238,2014-05-23,0
10109,1160,2014-06-18,0
10109,806,2014-07-23,0
10109,1243,2014-08-18,1
10109,1117,2014-09-26,1
10109,736,2014-10-06,1
11060,1720,2003-10-17,0
11060,2009,2003-11-26,0
11060,1710,2003-12-27,1
11060,1665,2004-02-03,1
11060,1495,2004-02-23,1
10660,1863,2003-11-03,1
10660,1716,2003-12-11,1
10660,1788,2004-01-27,0
10660,1588,2004-03-07,0
10660,1487,2004-04-06,0
10660,1594,2004-04-16,0
10660,2345,2004-05-22,0
10660,1895,2004-07-07,0
11475,691,2007-02-08,0
11475,862,2007-03-08,1
11475,1279,2007-04-23,0
11475,929,2007-05-19,0
11475,861,2007-07-05,0
11475,831,2007-08-09,1
11475,1051,2007-08-22,1
10300,270,2010-08-09,0
10300,297,2010-09-13,1
10300,249,2010-11-01,1
10300,332,2010-12-19,1
10300,265,2011-01-18,0
10862,871,2003-03-05,0
10862,1145,2003-03-18,1
10862,1236,2003-04-30,0
10862,789,2003-06-03,1
10862,942,2003-07-20,1
10862,850,2003-08-22,0
11315,553,2002-10-06,1
11315,816,2002-10-20,0
11315,737,2002-12-01,0
11315,883,2002-12-17,0
11315,787,2003-01-17,1
10080,104,2000-08-21,1
10080,146,2000-09-25,0
10080,76,2000-11-04,0
10080,113,2000-12-15,0
10080,126,2001-01-28,1
10080,134,2001-02-14,0
11441,1577,2008-01-08,1
11441,1458,2008-02-08,1
11441,2056,2008-03-04,1
11441,1886,2008-03-31,1
11441,1393,2008-04-18,1
11441,1808,2008-05-02,0
11441,1825,2008-05-26,0
11441,2132,2008-06-26,0
11441,1971,2008-07-20,1
11498,1153,2009-05-05,1
11498,1408,2009-06-14,0
11498,1021,2009-07-28,0
11498,1156,2009-09-03,1
11498,963,2009-10-17,1
11498,903,2009-11-20,0
11498,1037,2009-12-18,1
11498,1170,2010-01-21,0
11498,1066,2010-02-16,0
11273,809,2013-11-01,0
11273,529,2013-12-16,1
11273,959,2014-01-03,1
11273,615,2014-02-19,1
11273,940,2014-03-23,1
11273,544,2014-04-12,1
11273,907,2014-05-14,0
11067,1451,2008-07-25,0
11067,1797,2008-08-14,1
11067,1329,2008-09-22,1
11067,1870,2008-10-26,0
11067,1734,2008-12-12,0
10868,349,2013-10-04,1
10868,304,2013-10-27,0
10868,309,2013-12-09,1
10868,298,2013-12-28,0
10868,325,2014-01-08,1
10210,994,2001-01-21,0
10210,658,2001-02-27,1
10210,662,2001-04-11,0
10210,702,2001-05-08,1
10210,963,2001-05-22,0
10210,720,2001-06-03,0
10210,927,2001-07-14,0
10210,720,2001-08-24,1
10210,873,2001-10-02,1
10274,398,2012-05-05,1
10274,243,2012-06-01,1
10274,314,2012-07-11,1
10274,331,2012-07-26,1
10274,287,2012-08-23,1
10827,511,2006-03-13,1
10827,444,2006-04-20,0
10827,441,2006-06-07,0
10827,367,2006-07-04,0
10827,548,2006-07-16,0
10827,419,2006-08-16,1
10827,325,2006-08-31,1
10827,448,2006-10-17,0
10827,370,2006-11-11,1
11100,597,2014-06-27,0
11100,632,2014-07-13,1
11100,542,2014-08-04,0
11100,550,2014-09-03,0
11100,473,2014-10-07,0
11100,378,2014-11-17,1
11100,390,2014-12-18,0
11735,2454,2014-10-04,0
11735,1536,2014-10-30,0
11735,2822,2014-11-18,1
11735,2789,2014-12-19,0
11735,2308,2015-01-17,1
11735,2225,2015-02-19,0
11735,2045,2015-03-13,1
10538,1076,2014-05-20,0
10538,1118,2014-06-26,0
10538,874,2014-07-29,0
10538,1558,2014-08-17,0
10538,1484,2014-09-18,1
10872,1769,2006-01-31,0
10872,1681,2006-03-20,1
10872,1245,2006-04-19,0
10872,1566,2006-05-26,1
10872,1031,2006-06-11,1
10872,1915,2006-07-19,1
10872,1784,2006-08-01,1
11972,781,2009-05-12,1
11972,821,2009-06-09,1
11972,1419,2009-07-15,0
11972,977,2009-08-23,1
11972,1332,2009-09-15,1
11798,253,2013-10-18,1
11798,219,2013-11-18,0
11798,221,2013-12-06,0
11798,243,2013-12-30,1
11798,195,2014-02-03,1
11798,218,2014-03-10,1
11798,310,2014-03-28,0
11798,307,2014-04-08,0
11798,342,2014-04-25,1
11787,1081,2011-02-19,1
11787,1777,2011-04-02,0
11787,1814,2011-04-26,0
11787,1486,2011-05-31,1
11787,1620,2011-06-27,0
11787,991,2011-07-28,0
11787,1772,2011-08-11,1
10579,2469,2012-09-27,0
10579,2310,2012-10-18,0
10579,2145,2012-11-09,1
10579,2285,2012-11-24,1
10579,1771,2012-12-09,1
10579,2472,2013-01-05,1
11238,1377,2009-12-07,1
11238,1102,2009-12-26,0
11238,1520,2010-01-30,0
11238,1850,2010-03-03,0
11238,1964,2010-03-16,0
11238,1263,2010-04-10,0
11700,1563,2007-06-21,0
11700,1316,2007-07-11,0
11700,1274,2007-08-13,0
11700,1988,2007-08-28,1
11700,1448,2007-10-15,0
11700,2243,2007-10-28,0
11336,1102,2007-07-05,0
11336,918,2007-08-21,1
11336,686,2007-09-23,1
11336,1126,2007-10-31,0
11336,1196,2007-11-30,0
11336,760,2007-12-24,0
11336,1101,2008-01-10,0
11336,1096,2008-02-03,0
11038,1414,2002-08-01,0
11038,1070,2002-08-30,0
11038,1474,2002-09-15,0
11038,1799,2002-10-30,1
11038,2046,2002-11-25,1
11038,1397,2002-12-22,0
11038,1289,2003-01-13,0
11038,1152,2003-02-08,0
10197,470,2010-11-13,1
10197,354,2010-12-23,1
10197,329,2011-01-21,1
10197,434,2011-02-25,0
10197,345,2011-04-04,1
10197,259,2011-04-25,1
10197,351,2011-05-31,1
11276,393,2001-12-05,1
11276,674,2001-12-16,0
11276,470,2001-12-27,0
11276,637,2002-02-02,0
11276,354,2002-03-10,1
11276,495,2002-04-14,0
10806,1608,2000-09-10,0
10806,1127,2000-09-30,0
10806,1412,2000-10-15,1
10806,1784,2000-11-07,0
10806,1690,2000-12-16,1
10806,1401,2001-01-17,1
10806,1860,2001-02-25,0
10806,1452,2001-03-23,0
11853,992,2003-12-16,0
11853,1146,2004-01-28,1
11853,1052,2004-03-02,0
11853,1731,2004-03-18,1
11853,1436,2004-05-03,0
10947,688,2009-01-22,1
10947,743,2009-02-12,0
10947,688,2009-03-04,1
10947,722,2009-03-19,1
10947,603,2009-04-04,1
10947,399,2009-05-02,1
10985,1935,2014-11-18,0
10985,1599,2014-12-19,0
10985,1834,2015-01-09,0
10985,1706,2015-02-03,1
10985,1457,2015-03-13,0
10985,2084,2015-03-27,0
11238,1469,2006-02-03,1
11238,1611,2006-03-23,1
11238,1147,2006-04-18,1
11238,1599,2006-05-10,1
11238,1332,2006-06-07,0
11238,1616,2006-07-12,1
10683,1533,2006-11-22,0
10683,1004,2006-12-24,0
10683,1698,2007-01-24,0
10683,1759,2007-02-20,0
10683,995,2007-03-29,1
10683,1019,2007-05-03,1
10683,1467,2007-05-18,0
10683,1718,2007-05-31,1
10683,1742,2007-06-20,1
10048,1258,2012-09-18,1
10048,2316,2012-10-16,0
10048,1365,2012-11-23,1
10048,1469,2012-12-16,0
10048,1649,2013-01-12,1
10048,1402,2013-02-11,1
10048,2177,2013-03-06,1
11848,1680,2011-01-01,0
11848,1628,2011-02-18,1
11848,1623,2011-03-29,1
11848,1870,2011-05-14,0
11848,1831,2011-06-10,1
11848,1579,2011-07-12,0
11848,1331,2011-08-23,1
11481,2023,2008-11-04,1
11481,2041,2008-12-03,1
11481,1873,2008-12-20,1
11481,1828,2009-01-26,1
11481,1840,2009-02-06,1
11481,1710,2009-03-19,0
11481,1660,2009-04-24,1
11481,2061,2009-05-20,0
11830,2381,2004-07-15,1
11830,2291,2004-08-10,1
11830,2243,2004-09-13,0
11830,2557,2004-10-25,0
11830,1746,2004-11-25,1
11830,2473,2004-12-26,1
11830,2186,2005-01-30,0
10683,1168,2002-05-23,0
10683,1713,2002-06-18,0
10683,1275,2002-07-10,1
10683,907,2002-08-17,1
10683,986,2002-09-23,0
10683,1155,2002-10-12,1
10683,1448,2002-11-11,0
10683,1099,2002-12-14,0
10612,407,2005-01-05,1
10612,491,2005-01-26,1
10612,468,2005-03-01,1
10612,335,2005-03-28,0
10612,514,2005-05-01,0
10341,653,2012-03-02,0
10341,607,2012-04-06,1
10341,458,2012-05-22,0
10341,517,2012-06-23,0
10341,586,2012-07-18,0
10341,537,2012-08-17,1
10341,472,2012-09-29,0
11604,2532,2009-05-25,0
11604,2400,2009-06-27,0
11604,2932,2009-07-18,1
11604,2424,2009-09-03,1
11604,2271,2009-09-17,0
11959,794,2003-05-18,0
11959,706,2003-06-07,1
11959,828,2003-07-21,1
11959,609,2003-08-30,0
11959,894,2003-09-13,0
11959,813,2003-10-15,0
11959,579,2003-11-14,0
11959,667,2003-12-22,1
11959,884,2004-01-17,0
11728,439,2002-04-26,1
11728,628,2002-06-07,0
11728,636,2002-07-20,1
11728,373,2002-08-03,0
11728,444,2002-09-20,1
11728,360,2002-10-10,0
11728,345,2002-11-14,0
10468,1285,2003-01-01,0
10468,1244,2003-01-16,1
10468,1337,2003-01-29,0
10468,1083,2003-02-13,0
10468,1847,2003-03-12,1
10468,940,2003-04-24,1
10305,717,2003-11-11,0
10305,590,2003-11-29,1
10305,937,2003-12-10,1
10305,835,2004-01-05,1
10305,800,2004-02-10,1
10305,740,2004-03-11,0
10177,2161,2001-12-02,1
10177,1412,2001-12-13,1
10177,1915,2002-01-14,0
10177,2291,2002-02-15,1
10177,1915,2002-03-05,0
10177,2112,2002-04-09,1
10177,1474,2002-05-03,0
10177,2079,2002-05-14,1
10177,2279,2002-06-06,1
11991,640,2005-03-30,1
11991,561,2005-05-02,0
11991,535,2005-06-17,1
11991,668,2005-07-20,0
11991,494,2005-08-28,0
11991,345,2005-10-01,0
11991,421,2005-11-14,1
11991,443,2005-11-26,1
10060,1535,2009-10-01,0
10060,1130,2009-10-24,0
10060,1138,2009-11-26,1
10060,1216,2009-12-07,0
10060,1022,2010-01-03,0
10427,1639,2007-09-24,1
10427,1311,2007-10-09,0
10427,995,2007-10-23,0
10427,1483,2007-11-04,1
10427,1311,2007-12-23,1
10427,1579,2008-01-15,0
11871,2010,2012-10-07,0
11871,2766,2012-10-31,0
11871,2625,2012-12-15,1
11871,2163,2013-01-11,1
11871,2099,2013-02-23,1
10953,2740,2005-11-30,0
10953,2805,2006-01-07,0
10953,2778,2006-02-19,0
10953,2304,2006-03-06,1
10953,1656,2006-04-16,0
10953,2675,2006-04-29,0
10953,2837,2006-05-25,1
10508,306,2003-07-30,1
10508,353,2003-09-02,0
10508,455,2003-10-09,0
10508,283,2003-11-03,1
10508,328,2003-12-20,0
10508,280,2004-01-04,1
10508,375,2004-01-23,1
10508,266,2004-02-04,0
10508,374,2004-02-29,1
11287,1952,2005-10-28,0
11287,2069,2005-12-10,0
11287,2242,2006-01-15,1
11287,2368,2006-02-18,1
11287,1716,2006-03-18,1
11287,1361,2006-03-31,1
10308,420,2002-06-02,1
10308,357,2002-06-15,1
10308,300,2002-07-22,0
10308,333,2002-08-13,0
10308,313,2002-09-22,1
10308,440,2002-10-05,0
10308,329,2002-11-11,1
10308,243,2002-12-16,1
10308,356,2003-01-18,1
10507,1635,2011-10-01,1
10507,1958,2011-11-13,1
10507,1532,2011-12-01,0
10507,1870,2011-12-28,0
10507,1903,2012-01-29,0
10507,2289,2012-03-02,1
10507,1912,2012-04-17,1
10507,2345,2012-04-28,0
10507,2062,2012-05-14,0
11654,1297,2014-04-24,1
11654,1004,2014-05-23,0
11654,1634,2014-06-25,0
11654,1634,2014-07-20,0
11654,909,2014-08-13,1
11654,1615,2014-09-17,0
10032,2035,2002-03-14,0
10032,2087,2002-04-04,0
10032,2269,2002-04-18,0
10032,1710,2002-05-12,0
10032,1562,2002-06-27,1
10032,2635,2002-08-04,1
10392,1052,2012-12-12,1
10392,962,2013-01-18,0
10392,1119,2013-02-15,0
10392,953,2013-03-19,1
10392,678,2013-04-05,1
11331,263,2002-02-28,0
11331,289,2002-04-16,1
11331,338,2002-05-15,1
11331,430,2002-06-24,0
11331,347,2002-07-08,0
10115,2802,2011-08-27,1
10115,2889,2011-09-29,1
10115,2149,2011-10-20,1
10115,1976,2011-11-15,1
10115,1645,2011-12-22,1
10115,2464,2012-01-27,1
10115,1872,2012-03-12,0
10115,2416,2012-04-11,0
10408,1429,2004-06-30,1
10408,1347,2004-08-08,0
10408,1025,2004-08-20,1
10408,1315,2004-09-08,0
10408,1076,2004-09-27,0
10408,946,2004-11-03,0
10408,1482,2004-11-25,0
10408,1593,2004-12-30,1
10408,1693,2005-02-13,0
11825,636,2012-07-13,0
11825,494,2012-08-10,0
11825,562,2012-08-29,1
11825,474,2012-09-23,1
11825,880,2012-10-17,0
11825,599,2012-11-10,0
11825,649,2012-12-15,1
11825,580,2013-01-01,0
10276,1824,2004-09-06,1
10276,1435,2004-10-19,0
10276,996,2004-11-08,0
10276,1401,2004-12-14,0
10276,1135,2004-12-27,0
10276,1670,2005-01-15,1
10276,1631,2005-02-03,1
10276,1030,2005-03-12,1
10276,1459,2005-04-08,1
10688,1386,2013-09-23,0
10688,2277,2013-10-16,1
10688,1476,2013-11-22,0
10688,1883,2014-01-01,0
10688,2590,2014-02-02,0
10688,2029,2014-03-02,1
10688,2016,2014-04-08,0
11197,2079,2007-07-10,0
11197,1659,2007-08-12,1
11197,1061,2007-09-09,1
11197,1839,2007-10-15,1
11197,1121,2007-11-16,1
11197,2017,2007-11-28,1
11197,1575,2008-01-03,1
10537,774,2005-10-18,1
10537,1292,2005-11-23,1
10537,1213,2005-12-11,1
10537,1010,2006-01-06,0
10537,716,2006-02-22,0
10174,2006,2001-04-13,1
10174,1508,2001-05-12,0
10174,1835,2001-06-06,0
10174,2329,2001-07-18,1
10174,1557,2001-08-05,1
10174,2366,2001-09-10,0
10174,1719,2001-10-09,1
10174,1219,2001-11-23,1
10174,1914,2001-12-16,0
11278,1432,2008-06-28,0
11278,1126,2008-07-15,1
11278,1071,2008-08-31,0
11278,1062,2008-10-04,0
11278,1270,2008-11-20,1
11226,1479,2004-04-25,0
11226,1283,2004-05-26,1
11226,1009,2004-06-17,0
11226,1247,2004-07-06,1
11226,1612,2004-07-28,1
11226,1580,2004-09-08,1
11226,1387,2004-10-05,1
11226,1697,2004-11-19,1
11147,1518,2013-03-28,1
11147,1785,2013-05-14,1
11147,2383,2013-06-28,0
11147,1292,2013-07-11,0
11147,2386,2013-08-10,0
11147,2437,2013-09-23,1
11147,1545,2013-10-16,0
11147,1725,2013-11-20,0
11147,1624,2014-01-08,0
11573,343,2011-10-28,1
11573,295,2011-12-08,1
11573,319,2012-01-20,1
11573,392,2012-02-02,0
11573,406,2012-03-05,0
11573,261,2012-04-21,1
11573,232,2012-06-03,1
10655,413,2002-02-24,1
10655,515,2002-03-20,1
10655,337,2002-05-07,0
10655,367,2002-06-16,1
10655,473,2002-07-15,0
10655,421,2002-08-11,1
10195,845,2014-09-21,0
10195,966,2014-10-17,0
10195,1229,2014-11-11,0
10195,1307,2014-12-20,0
10195,1659,2015-02-05,0
10195,934,2015-03-21,0
10195,1596,2015-05-05,1
10195,1451,2015-05-31,0
11361,1900,2007-05-09,1
11361,1687,2007-06-13,0
11361,1523,2007-07-08,1
11361,1620,2007-08-09,0
11361,1507,2007-09-19,1
11361,1476,2007-10-05,0
11206,433,2012-11-22,0
11206,274,2012-12-20,0
11206,434,2013-01-26,0
11206,427,2013-02-24,0
11206,364,2013-04-10,1
11206,447,2013-05-25,0
11206,353,2013-06-14,0
11206,416,2013-07-05,1
11355,1570,2011-11-17,0
11355,1643,2011-11-28,0
11355,1971,2012-01-05,1
11355,1997,2012-01-18,0
11355,2346,2012-01-28,0
11355,2265,2012-02-24,1
10617,862,2008-01-19,0
10617,908,2008-02-01,1
10617,803,2008-02-14,1
10617,583,2008-03-02,1
10617,1120,2008-04-06,0
10617,892,2008-04-24,0
11618,1660,2010-12-16,0
11618,2443,2011-01-12,1
11618,2326,2011-02-22,1
11618,2332,2011-03-16,0
11618,1361,2011-03-29,1
11618,1815,2011-05-07,0
11618,2170,2011-05-25,1
11618,1972,2011-07-05,0
11728,839,2013-08-06,0
11728,1038,2013-09-06,0
11728,1243,2013-09-20,0
11728,885,2013-11-06,1
11728,1367,2013-11-18,0
11728,953,2013-12-14,0
11728,1437,2014-01-03,0
10091,1455,2000-09-21,1
10091,1284,2000-10-06,1
10091,820,2000-10-19,0
10091,840,2000-11-05,1
10091,989,2000-12-23,1
11273,946,2000-11-07,1
11273,1010,2000-12-08,1
11273,1077,2001-01-19,1
11273,1438,2001-02-12,1
11273,1283,2001-03-29,1
11315,755,2009-12-28,0
11315,748,2010-01-07,0
11315,705,2010-02-07,1
11315,643,2010-03-03,0
11315,710,2010-04-03,0
11315,841,2010-05-03,0
11315,831,2010-06-05,1
11615,2426,2002-12-04,1
11615,2252,2003-01-12,0
11615,1649,2003-02-20,0
11615,1984,2003-03-07,0
11615,1544,2003-04-25,0
10399,2986,2005-02-22,1
10399,1881,2005-03-09,0
10399,1945,2005-04-05,0
10399,1636,2005-05-11,0
10399,1719,2005-06-24,0
11154,1915,2002-07-12,1
11154,1216,2002-08-21,0
11154,1600,2002-10-04,0
11154,1896,2002-11-19,0
11154,1391,2002-12-31,0
11154,1477,2003-02-02,1
11154,1127,2003-02-14,0
11154,1727,2003-03-15,1
11353,153,2013-10-11,1
11353,108,2013-10-27,1
11353,133,2013-11-10,0
11353,112,2013-11-22,0
11353,137,2013-12-11,1
11353,157,2014-01-09,0
11353,143,2014-02-01,0
11353,167,2014-02-22,1
11406,704,2010-06-06,1
11406,633,2010-07-22,0
11406,837,2010-08-27,0
11406,816,2010-09-06,1
11406,620,2010-10-11,0
10639,1423,2005-09-09,1
10639,917,2005-10-21,0
10639,1551,2005-11-22,0
10639,874,2005-12-02,0
10639,1108,2005-12-29,0
10639,1359,2006-02-03,1
10639,1527,2006-03-24,0
10697,1720,2012-03-13,1
10697,1924,2012-04-13,1
10697,2398,2012-05-16,0
10697,2228,2012-06-28,0
10697,2393,2012-07-13,1
10697,1676,2012-08-20,0
10697,1866,2012-10-03,0
10697,2349,2012-10-24,1
11361,736,2005-11-30,0
11361,1078,2005-12-21,0
11361,993,2006-01-11,0
11361,735,2006-02-28,0
11361,587,2006-03-25,1
11361,751,2006-05-10,0
11361,833,2006-06-25,1
11361,789,2006-08-01,1
11855,128,2014-06-09,1
11855,196,2014-07-24,0
11855,188,2014-08-10,0
11855,228,2014-09-12,1
11855,151,2014-10-07,0
11855,205,2014-10-18,0
11855,128,2014-10-29,0
11855,241,2014-12-06,0
11266,2272,2004-11-27,0
11266,2204,2005-01-10,1
11266,1894,2005-02-20,0
11266,2087,2005-03-09,0
11266,2031,2005-03-26,1
11266,1493,2005-04-14,1
11266,1404,2005-06-01,1
11711,1131,2003-03-29,0
11711,753,2003-04-26,1
11711,620,2003-06-03,0
11711,771,2003-06-21,0
11711,1118,2003-07-06,1
11711,698,2003-07-27,0
10094,1429,2001-12-14,1
10094,1508,2001-12-28,1
10094,1340,2002-02-10,1
10094,966,2002-03-30,1
10094,1226,2002-05-12,1
10094,1223,2002-06-28,1
10166,2279,2000-06-02,0
10166,2069,2000-07-09,1
10166,2436,2000-08-07,0
10166,2252,2000-09-18,0
10166,1753,2000-10-18,0
10166,1533,2000-11-25,1
10166,1990,2001-01-11,1
10166,1626,2001-02-03,0
10583,1771,2011-10-11,0
10583,1865,2011-11-01,1
10583,1890,2011-11-27,1
10583,1457,2011-12-22,0
10583,1661,2012-01-30,0
10583,2205,2012-02-25,1
10583,1663,2012-04-08,1
11101,1637,2002-09-12,0
11101,1521,2002-10-31,0
11101,1850,2002-11-14,1
11101,2192,2002-12-17,0
11101,1665,2003-01-25,1
11101,1938,2003-03-10,0
11936,1013,2014-10-08,0
11936,1439,2014-11-25,0
11936,1427,2014-12-28,0
11936,1803,2015-02-13,0
11936,1453,2015-03-21,0
11148,1086,2003-06-26,1
11148,1033,2003-07-28,1
11148,1221,2003-08-20,1
11148,1229,2003-09-29,1
11148,1076,2003-10-17,1
11148,704,2003-11-20,0
10364,2334,2001-07-24,1
10364,1503,2001-08-14,0
10364,2091,2001-09-19,1
10364,1851,2001-10-14,1
10364,1462,2001-11-28,0
10364,2230,2001-12-28,0
11367,103,2012-12-15,1
11367,86,2013-01-24,1
11367,88,2013-02-15,1
11367,78,2013-03-09,1
11367,103,2013-04-09,1
11367,107,2013-04-28,1
11367,117,2013-05-26,0
11438,323,2013-09-09,1
11438,330,2013-10-08,0
11438,298,2013-11-15,0
11438,220,2013-12-15,0
11438,320,2014-01-21,1
11733,758,2010-09-27,0
11733,737,2010-10-31,1
11733,880,2010-11-26,0
11733,674,2010-12-20,1
11733,1016,2011-01-31,0
11733,1040,2011-02-13,0
11733,996,2011-03-02,1
11733,1129,2011-03-17,0
11733,939,2011-05-01,0
11041,746,2011-12-03,1
11041,569,2011-12-21,1
11041,570,2012-01-09,1
11041,800,2012-01-27,1
11041,556,2012-03-14,1
11041,661,2012-03-27,0
11792,744,2006-05-01,0
11792,1087,2006-06-10,1
11792,1051,2006-07-23,1
11792,1065,2006-09-03,1
11792,747,2006-10-11,0
11792,815,2006-11-12,0
11792,591,2006-12-10,1
11792,984,2006-12-31,1
11792,756,2007-02-07,0
11524,2504,2006-06-13,0
11524,2866,2006-07-28,0
11524,1892,2006-08-20,1
11524,2053,2006-09-17,1
11524,2674,2006-11-03,0
11524,2851,2006-11-13,1
11524,2162,2006-11-26,1
11524,2261,2007-01-10,1
11524,1760,2007-02-27,0
10578,471,2004-06-28,0
10578,305,2004-07-28,0
10578,299,2004-09-13,0
10578,287,2004-10-07,0
10578,354,2004-10-23,0
10454,1439,2014-10-13,0
10454,1670,2014-11-12,1
10454,942,2014-12-31,0
10454,1674,2015-02-12,1
10454,1566,2015-03-29,0
10454,1365,2015-04-27,0
10454,1369,2015-05-30,1
11581,1980,2003-06-24,0
11581,2088,2003-07-12,0
11581,1695,2003-08-29,1
11581,2425,2003-10-10,0
11581,1743,2003-11-04,1
11581,2021,2003-12-15,1
11581,2216,2004-01-08,0
11581,2224,2004-02-09,0
11132,1532,2013-10-17,1
11132,1678,2013-10-31,1
11132,1660,2013-11-12,1
11132,2142,2013-12-26,0
11132,1998,2014-02-13,0
11132,1183,2014-04-02,0
11238,1106,2001-03-14,0
11238,1022,2001-04-17,1
11238,1152,2001-05-18,1
11238,1682,2001-06-06,0
11238,1275,2001-07-17,1
11310,1842,2002-12-27,1
11310,1415,2003-01-08,1
11310,1803,2003-01-25,1
11310,1230,2003-02-13,1
11310,1259,2003-03-08,0
11430,1284,2000-04-05,0
11430,822,2000-05-06,0
11430,1294,2000-06-15,1
11430,1122,2000-07-15,0
11430,1308,2000-08-11,1
11430,964,2000-09-21,0
11430,1290,2000-11-06,1
11002,349,2006-12-04,1
11002,425,2006-12-20,0
11002,357,2007-01-21,0
11002,370,2007-03-04,0
11002,463,2007-04-04,0
10850,57,2003-12-26,1
10850,73,2004-02-12,1
10850,81,2004-03-15,0
10850,95,2004-04-05,1
10850,90,2004-05-15,0
10850,75,2004-06-03,0
10850,55,2004-07-09,0
10714,1755,2003-06-21,1
10714,1375,2003-07-11,1
10714,1666,2003-08-12,1
10714,1273,2003-09-19,0
10714,1057,2003-10-26,1
10714,1813,2003-12-06,0
10386,2353,2005-04-14,1
10386,1831,2005-05-14,0
10386,1699,2005-06-12,1
10386,1414,2005-07-05,1
10386,2242,2005-08-04,1
10386,1813,2005-09-09,0
10386,2112,2005-10-17,1
10386,1632,2005-12-05,1
10312,1387,2009-05-16,1
10312,1106,2009-06-29,0
10312,930,2009-07-27,1
10312,1063,2009-08-25,0
10312,1246,2009-09-25,0
10312,1613,2009-11-09,1
10312,1175,2009-12-10,1
10312,912,2010-01-18,1
10312,1066,2010-02-15,0
11034,1060,2011-05-18,0
11034,875,2011-07-02,1
11034,649,2011-08-06,1
11034,1085,2011-09-24,1
11034,1015,2011-10-29,1
11034,639,2011-12-03,1
11034,615,2011-12-21,0
11034,1093,2012-02-01,0
11034,837,2012-03-03,1
10233,2097,2002-09-18,1
10233,1969,2002-10-12,0
10233,1944,2002-10-25,0
10233,1525,2002-11-07,1
10233,2439,2002-11-24,0
10233,2234,2002-12-27,0
10233,1348,2003-01-21,1
11079,2557,2004-04-09,1
11079,1962,2004-05-01,1
11079,1376,2004-06-19,1
11079,1732,2004-07-01,0
11079,1432,2004-08-07,0
11079,2143,2004-09-09,1
11079,2289,2004-10-10,1
11079,2376,2004-11-07,0
11079,1368,2004-12-01,0
11977,1519,2005-07-20,0
11977,1305,2005-08-01,0
11977,1487,2005-09-14,0
11977,960,2005-09-29,0
11977,1061,2005-10-15,0
11977,811,2005-11-26,0
11977,1455,2005-12-23,1
11977,1147,2006-01-04,0
10185,255,2012-12-19,1
10185,441,2013-01-23,1
10185,354,2013-02-10,0
10185,432,2013-03-25,1
10185,258,2013-05-06,0
10826,2204,2004-10-26,1
10826,2194,2004-12-04,0
10826,2414,2005-01-13,1
10826,1657,2005-02-02,1
10826,2538,2005-03-20,0
10072,1454,2003-12-17,1
10072,1185,2004-01-04,0
10072,2094,2004-01-23,1
10072,1258,2004-02-29,0
10072,1702,2004-04-09,0
10072,1592,2004-04-20,1
10072,1829,2004-05-26,0
10078,979,2005-04-16,1
10078,624,2005-05-28,1
10078,776,2005-07-09,0
10078,628,2005-07-25,1
10078,1198,2005-08-10,0
10891,2422,2013-02-15,1
10891,1636,2013-03-30,1
10891,2380,2013-04-16,0
10891,2075,2013-04-28,0
10891,1998,2013-05-26,1
10891,1228,2013-06-25,0
10891,1406,2013-07-27,0
10891,1999,2013-09-12,0
11580,903,2001-02-13,0
11580,959,2001-03-08,1
11580,912,2001-03-28,0
11580,1164,2001-04-23,0
11580,1000,2001-05-14,1
11580,1228,2001-06-02,0
11580,1575,2001-07-08,1
11482,1767,2014-02-26,1
11482,1300,2014-04-15,1
11482,1834,2014-05-01,0
11482,1562,2014-06-17,1
11482,1532,2014-07-18,1
11482,1597,2014-07-30,1
10079,1034,2002-10-03,1
10079,1432,2002-10-23,1
10079,1294,2002-11-13,0
10079,932,2002-12-21,0
10079,1244,2003-01-09,1
10439,192,2013-09-12,0
10439,255,2013-09-22,0
10439,199,2013-10-21,1
10439,252,2013-11-11,0
10439,265,2013-11-28,1
10439,151,2014-01-02,1
10315,1513,2008-01-23,0
10315,1116,2008-02-08,0
10315,1249,2008-02-26,0
10315,1560,2008-03-07,1
10315,1572,2008-03-31,0
11914,2547,2006-05-13,0
11914,2830,2006-06-24,0
11914,2102,2006-07-24,1
11914,1900,2006-08-26,1
11914,2510,2006-10-13,0
11914,2456,2006-10-29,1
11914,2739,2006-12-06,0
10196,589,2002-08-25,1
10196,658,2002-09-22,1
10196,613,2002-10-19,1
10196,364,2002-10-30,0
10196,358,2002-12-11,0
10196,567,2003-01-12,1
10196,411,2003-02-25,1
10196,478,2003-04-08,1
11230,94,2002-10-10,1
11230,120,2002-11-25,0
11230,105,2002-12-06,1
11230,119,2003-01-17,1
11230,91,2003-03-03,0
11230,87,2003-03-25,0
11230,116,2003-04-27,1
11230,69,2003-05-07,1
11442,2687,2007-06-26,0
11442,1568,2007-07-28,1
11442,2677,2007-09-12,0
11442,1702,2007-10-20,1
11442,1622,2007-12-03,0
11442,2562,2008-01-10,1
11442,2184,2008-01-30,0
11442,2155,2008-02-09,0
11442,2299,2008-03-19,1
11631,385,2006-03-22,0
11631,436,2006-04-24,0
11631,551,2006-06-07,1
11631,621,2006-07-26,1
11631,653,2006-08-27,1
11631,472,2006-10-13,1
10078,2558,2008-03-19,0
10078,1461,2008-05-04,1
10078,1691,2008-06-13,0
10078,1766,2008-07-25,1
10078,1617,2008-09-12,0
10078,2280,2008-10-29,1
10078,2287,2008-12-09,0
10078,2316,2009-01-12,0
10812,1981,2009-12-17,1
10812,1791,2010-01-01,0
10812,2568,2010-01-20,0
10812,1627,2010-03-04,0
10812,2645,2010-04-19,1
10812,2768,2010-05-20,0
10812,2530,2010-07-07,1
10330,1901,2002-01-12,0
10330,2026,2002-03-01,0
10330,1637,2002-03-11,0
10330,1992,2002-04-27,1
10330,2298,2002-05-31,1
10248,178,2004-04-14,1
10248,236,2004-04-24,1
10248,284,2004-06-12,1
10248,245,2004-07-25,0
10248,333,2004-08-05,0
10248,195,2004-08-26,0
10248,230,2004-10-14,0
10248,338,2004-11-25,0
10248,173,2004-12-05,0
11215,902,2005-06-03,0
11215,811,2005-07-17,1
11215,806,2005-08-31,0
11215,957,2005-09-17,1
11215,873,2005-10-10,0
11215,933,2005-10-25,1
11215,939,2005-12-07,1
11215,1141,2005-12-18,0
10154,1647,2002-02-15,0
10154,1367,2002-03-19,0
10154,1261,2002-04-25,1
10154,1480,2002-06-07,1
10154,1277,2002-07-06,0
10154,1311,2002-08-19,1
10154,1492,2002-09-04,0
10154,983,2002-09-28,0
10154,1360,2002-11-10,0
10333,453,2003-12-30,1
10333,587,2004-01-21,1
10333,455,2004-02-16,1
10333,813,2004-04-04,0
10333,822,2004-04-20,0
10333,644,2004-06-07,1
10333,464,2004-06-21,0
10333,448,2004-08-01,1
10333,475,2004-08-23,1
11434,461,2010-05-28,1
11434,428,2010-06-07,1
11434,496,2010-07-23,0
11434,600,2010-09-07,1
11434,468,2010-10-01,0
11434,424,2010-10-13,1
